Annual Net emissions/removals in kt,,,,,,,,,,,,,,,,,,,,,,,,,,,,,,
Query results for — Party: Australia and 43 other(s) | Year: Base year and 28 other(s) | Category: 1.  Energy and 3 other(s) | Classification: Total for category | Type of value: Net emissions/removals | Gas: NH₃ | Unit: kt,,,,,,,,,,,,,,,,,,,,,,,,,,,,,,
,,,,,,,,,,,,,,,,,,,,,,,,,,,,,,
 ,Year,Base year,1990,1991,1992,1993,1994,1995,1996,1997,1998,1999,2000,2001,2002,2003,2004,2005,2006,2007,2008,2009,2010,2011,2012,2013,2014,2015,2016,Last Inventory Year (2017)
Party,Category \ Unit,kt,kt,kt,kt,kt,kt,kt,kt,kt,kt,kt,kt,kt,kt,kt,kt,kt,kt,kt,kt,kt,kt,kt,kt,kt,kt,kt,kt,kt
Australia,1.  Energy,NO,NO,NO,NO,NO,NO,NO,NO,NO,NO,NO,NO,NO,NO,NO,NO,NO,NO,NO,NO,NO,NO,NO,NO,NO,NO,NO,NO,NO
Australia,2.  Industrial Processes and Product Use,NO,NO,NO,NO,NO,NO,NO,NO,NO,NO,NO,NO,NO,NO,NO,NO,NO,NO,NO,NO,NO,NO,NO,NO,NO,NO,NO,NO,NO
Australia,5.  Waste,NA,NA,NA,NA,NA,NA,NA,NA,NA,NA,NA,NA,NA,NA,NA,NA,NA,NA,NA,NA,NA,NA,NA,NA,NA,NA,NA,NA,NA
Australia,6.  Other,NO,NO,NO,NO,NO,NO,NO,NO,NO,NO,NO,NO,NO,NO,NO,NO,NO,NO,NO,NO,NO,NO,NO,NO,NO,NO,NO,NO,NO
Austria,1.  Energy,NE,NE,NE,NE,NE,NE,NE,NE,NE,NE,NE,NE,NE,NE,NE,NE,NE,NE,NE,NE,NE,NE,NE,NE,NE,NE,NE,NE,NE
Austria,2.  Industrial Processes and Product Use,NE,NE,NE,NE,NE,NE,NE,NE,NE,NE,NE,NE,NE,NE,NE,NE,NE,NE,NE,NE,NE,NE,NE,NE,NE,NE,NE,NE,NE
Austria,5.  Waste,NA,NA,NA,NA,NA,NA,NA,NA,NA,NA,NA,NA,NA,NA,NA,NA,NA,NA,NA,NA,NA,NA,NA,NA,NA,NA,NA,NA,NA
Austria,6.  Other,NO,NO,NO,NO,NO,NO,NO,NO,NO,NO,NO,NO,NO,NO,NO,NO,NO,NO,NO,NO,NO,NO,NO,NO,NO,NO,NO,NO,NO
Belarus,1.  Energy,NO,NO,NO,NO,NO,NO,NO,NO,NO,NO,NO,NO,NO,NO,NO,NO,NO,NO,NO,NO,NO,NO,NO,NO,NO,NO,NO,NO,NO
Belarus,2.  Industrial Processes and Product Use,NO,NO,NO,NO,NO,NO,NO,NO,NO,NO,NO,NO,NO,NO,NO,NO,NO,NO,NO,NO,NO,NO,NO,NO,NO,NO,NO,NO,NO
Belarus,5.  Waste,NO,NO,NO,NO,NO,NO,NO,NO,NO,NO,NO,NO,NO,NO,NO,NO,NO,NO,NO,NO,NO,NO,NO,NO,NO,NO,NO,NO,NO
Belarus,6.  Other,NO,NO,NO,NO,NO,NO,NO,NO,NO,NO,NO,NO,NO,NO,NO,NO,NO,NO,NO,NO,NO,NO,NO,NO,NO,NO,NO,NO,NO
Belgium,1.  Energy,2.061257265,2.061257265,2.504641445,2.984443064,3.089023446,3.366911769,3.584914173,3.824722243,3.61008063,3.675651703,4.293936482,3.955097549,3.929999806,3.684436565,3.756313395,3.584498362,3.42694089,3.311807417,3.196266359,3.069903466,2.979853679,3.155043911,2.578925639,2.682741532,2.78929417,2.236166174,2.458843704,2.69992618,2.605463052
Belgium,2.  Industrial Processes and Product Use,2.361994942,2.361994942,2.271067835,2.269942067,2.548454475,1.932528639,1.694173015,1.623454668,1.669570538,1.379682878,1.435533224,1.610265505,1.451610057,1.455643467,1.666352084,1.874639545,1.722917716,1.905542606,2.038145466,1.749013405,1.396179275,1.511504556,2.196546268,1.727528642,1.882376307,1.53026095,1.635702214,1.702468354,1.671776408
Belgium,5.  Waste,0.000006861,0.000006861,0.000006861,0.000006861,0.000006861,0.000004575,0.000015621,0.004460243,0.047701768,0.048040246,0.05114,0.06378,0.06021,0.0666604,0.08692376,0.11950712,0.10322088,0.1139476,0.12162704,0.11759548,0.19681824,0.19199288,0.213366,0.19320856,0.15604512,0.143824,0.1655346,0.14576352,0.14928799
Belgium,6.  Other,117.7376777,117.7376777,115.9008687,116.1588992,118.3961728,118.513922,122.3592093,123.9786344,122.9482823,123.4640125,123.1936029,86.08315496,82.25393483,79.7125827,75.98392905,71.00933756,69.98999125,69.33142827,65.28334555,65.59232742,66.72850479,65.76644344,65.00409961,65.45405428,66.04819115,64.42275794,63.99369191,63.01285756,62.32250756
Bulgaria,1.  Energy,NO,NO,NO,NO,NO,NO,NO,NO,NO,NO,NO,NO,NO,NO,NO,NO,NO,NO,NO,NO,NO,NO,NO,NO,NO,NO,NO,NO,NO
Bulgaria,2.  Industrial Processes and Product Use,NO,NO,NO,NO,NO,NO,NO,NO,NO,NO,NO,NO,NO,NO,NO,NO,NO,NO,NO,NO,NO,NO,NO,NO,NO,NO,NO,NO,NO
Bulgaria,5.  Waste,NO,NO,NO,NO,NO,NO,NO,NO,NO,NO,NO,NO,NO,NO,NO,NO,NO,NO,NO,NO,NO,NO,NO,NO,NO,NO,NO,NO,NO
Bulgaria,6.  Other,NO,NO,NO,NO,NO,NO,NO,NO,NO,NO,NO,NO,NO,NO,NO,NO,NO,NO,NO,NO,NO,NO,NO,NO,NO,NO,NO,NO,NO
Canada,2.  Industrial Processes and Product Use,NA,NA,NA,NA,NA,NA,NA,NA,NA,NA,NA,NA,NA,NA,NA,NA,NA,NA,NA,NA,NA,NA,NA,NA,NA,NA,NA,NA,
Canada,5.  Waste,NA,NA,NA,NA,NA,NA,NA,NA,NA,NA,NA,NA,NA,NA,NA,NA,NA,NA,NA,NA,NA,NA,NA,NA,NA,NA,NA,,
Canada,6.  Other,NA,NA,NA,NA,NA,NA,NA,NA,NA,NA,NA,NA,NA,NA,NA,NA,NA,NA,NA,NA,NA,NA,NA,NA,NA,NA,NA,NA,NA
Croatia,1.  Energy,3.411335238,3.411335238,3.885958845,3.379324554,3.612634573,3.25805776,3.456039159,3.83169948,3.631563741,3.743477037,3.748306603,3.518300614,3.74991268,3.647310513,4.139435514,4.086465428,4.290397232,3.919785036,3.920524416,3.745177541,3.837152067,3.876825804,3.639428008,3.560009674,3.356753782,2.864738049,3.087687819,2.877919823,2.877919823
Croatia,2.  Industrial Processes and Product Use,3.5368291,3.5368291,3.52189222,4.53118418,3.14306028,3.4927053,3.57420231,3.57297831,3.62535586,4.05811957,2.92592089,3.39362922,2.63242367,2.78212051,3.481841784,4.42564869,3.610634973,2.43027903,2.560552908,2.053544878,1.519894744,2.501954726,2.529004129,2.707442479,1.849549504,1.499817824,2.486007146,2.179366282,2.645844532
Croatia,5.  Waste,NE,NE,NE,NE,NE,NE,NE,NE,NE,NE,NE,NE,NE,NE,NE,NE,NE,NE,0.002632,0.002568,0.002158,0.002329,0.002423,0.004486,0.006844,0.006863,0.014786,0.006585,0.006585
Croatia,6.  Other,NO,NO,NO,NO,NO,NO,NO,NO,NO,NO,NO,NO,NO,NO,NO,NO,NO,NO,NO,NO,NO,NO,NO,NO,NO,NO,NO,NO,NO
Cyprus,1.  Energy,0.0679,0.0679,0.0752,0.0898,0.0981,0.1048,0.1157,0.1237,0.1355,0.1501,0.1652,0.1811,0.1938,0.203,0.2324,0.232,0.3001,0.2985,0.3067,0.3032,0.3002,0.2941,0.2765,0.2532,0.2272,0.2124,0.2147,,
Cyprus,2.  Industrial Processes and Product Use,0.0163,0.0163,0.0163,0.0177,0.0052,0.0052,0.0144,0.0153,0.017,0.0173,0.0241,0.0448,0.0141,0.0133,0.0097,0.0142,0.0124,0.0075,0.0078,0.0076,0.0084,0.009,0.0073,0.008,0.0063,0.0025,57,,
Cyprus,5.  Waste,NO,NO,NO,NO,NO,NO,NO,NO,NO,NO,NO,NO,NO,NO,NO,NO,NO,NO,NO,NO,NO,0.0063144,0.0115008,0.0138648,0.011856,0.0155664,0.0187128,,
Czechia,1.  Energy,4.59583625,4.59583625,4.336251508,3.658349895,3.413595034,3.180349157,3.204712643,3.241715638,3.51945508,3.706562784,4.104836054,4.165698468,4.278525764,4.352947628,4.521000404,4.498151239,4.588924943,4.768504359,5.128206568,5.199790891,5.428842355,5.474422635,5.523536405,5.632571457,5.721984868,5.747875866,5.782124761,5.80894966,5.936860959
Czechia,2.  Industrial Processes and Product Use,1.129001869,1.129001869,0.897187125,5.914240371,5.657344736,5.562555681,2.626819077,1.041104759,1.162128732,0.876682789,0.567621183,0.564347674,0.446286664,0.482366531,0.495322127,0.39531591,0.422084586,0.397611447,0.324512174,0.444491303,0.319903439,0.274516052,0.309835261,0.297114847,0.23250404,0.21929926,0.228517871,0.292172657,0.195154128
Czechia,5.  Waste,"NE,NO","NE,NO","NE,NO","NE,NO","NE,NO",0.000006,"NE,NO",2.00E-07,0.00024572,0.00017271,0.000006,0.000089,0.00004046,0.00092044,0.000701,0.000019547,0.084821958,0.069320576,0.09493523,0.131138277,0.085583566,0.122170874,0.089887664,0.093420364,0.108590417,0.124903921,0.15019791,0.213437761,0.215742997
Czechia,6.  Other,NO,NO,NO,NO,NO,NO,NO,NO,NO,NO,NO,NO,NO,NO,NO,NO,NO,NO,NO,NO,NO,NO,NO,NO,NO,NO,NO,NO,NO
Denmark,1.  Energy,1.491437112,1.491437112,1.671194021,1.875190708,2.091680546,2.26278587,2.487332562,2.746860783,3.108752373,3.358255113,3.610785991,3.922660746,4.008719891,3.99997272,4.135909342,4.191100801,4.232954062,4.253492522,4.499048998,4.298625513,4.078902383,4.002744537,3.70626732,3.401900357,3.247098365,3.017796408,3.240960424,3.143619319,3.105735231
Denmark,2.  Industrial Processes and Product Use,0.67690919,0.67690919,0.69710933,0.711705691,0.727520869,0.765475699,0.735259895,0.66893406,0.705494453,0.687617116,0.700132297,0.626735161,0.636603658,0.605904135,0.614412262,0.70337763,0.642450519,0.656380854,0.671058521,0.554673273,0.584330266,0.509843789,0.394580375,0.42428377,0.367358964,0.381320046,0.468822385,0.331086776,0.325585613
Denmark,5.  Waste,0.206788953,0.206788953,0.22857781,0.250312077,0.272073439,0.293794452,0.273354978,0.322810117,0.375520509,0.405342818,0.485770078,0.539925643,0.5080371,0.5895111,0.60707006,0.494084138,0.528051319,0.564512624,0.633432045,0.58156513,0.625772849,0.606607483,0.586796117,0.561692534,0.600689936,0.593193983,0.635399721,0.655130972,0.680126549
Denmark,6.  Other,"NE,NO","NE,NO","NE,NO","NE,NO","NE,NO","NE,NO","NE,NO","NE,NO","NE,NO","NE,NO","NE,NO","NE,NO","NE,NO","NE,NO","NE,NO","NE,NO","NE,NO","NE,NO","NE,NO","NE,NO","NE,NO","NE,NO","NE,NO","NE,NO","NE,NO","NE,NO","NE,NO","NE,NO","NE,NO"
Estonia,1.  Energy,NO,NO,NO,NO,NO,NO,NO,NO,NO,NO,NO,NO,NO,NO,NO,NO,NO,NO,NO,NO,NO,NO,NO,NO,NO,NO,NO,NO,NO
Estonia,2.  Industrial Processes and Product Use,NE,NE,NE,NE,NE,NE,NE,NE,NE,NE,NE,NE,NE,NE,NE,NE,NE,NE,NE,NE,NE,NE,NE,NE,NE,NE,NE,NE,NE
Estonia,5.  Waste,0.001626,0.001626,0.001708,0.001794,0.001886,0.001981,0.002136,0.001442,0.002695,0.000501,0.001544,0.004562,0.004305,0.003926,0.016161,0.018264,0.025252,0.027678,0.044563,0.050759,0.058264,0.054608,0.040118,0.037826,0.04518068,0.033607,0.039936273,0.059422,0.060448
Estonia,6.  Other,NO,NO,NO,NO,NO,NO,NO,NO,NO,NO,NO,NO,NO,NO,NO,NO,NO,NO,NO,NO,NO,NO,NO,NO,NO,NO,NO,NO,NO
European Union (Convention),1.  Energy,51.76929598,51.76929598,55.00326297,58.63361462,66.42966549,73.29488052,81.90133653,92.19012813,100.3884468,110.0318279,116.5608692,137.4315115,135.9659375,132.3337952,133.0329292,134.247291,127.6418358,122.1376338,112.6967838,108.6099762,105.8675193,101.3652708,97.83279831,92.48752678,90.98989868,83.23127004,84.38301168,77.33031985,67.84968905
European Union (Convention),2.  Industrial Processes and Product Use,93.11751746,93.11751746,77.68039251,75.39251622,68.12719795,69.6638539,71.11263593,70.81639686,76.97239244,74.33663082,72.80464744,65.14249955,59.25891844,58.99188784,66.25122915,64.66255423,65.34367589,60.27131964,54.46808339,52.92645177,51.43762675,52.55469819,54.14526563,53.58416179,50.6595442,50.37389655,112.2584078,52.68058342,57.0176112
European Union (Convention),5.  Waste,49.14889718,49.14889718,48.76453152,48.38113842,47.64200466,47.73707962,48.26814272,48.1523564,48.06864796,47.81753361,47.48728644,47.10543181,47.57796855,46.7651901,45.85259963,44.74664383,44.19589555,41.95653815,41.54631409,41.67254533,40.5455172,38.75394759,39.50583588,39.29455487,40.24333682,40.55851719,40.57429699,40.69292832,40.95029204
European Union (Convention),6.  Other,1429.980228,1429.980228,1284.492079,1230.421134,1202.795865,1172.002686,1178.081533,1170.538502,1165.130491,1179.820053,1172.062952,1113.156165,1123.035247,1106.446225,1084.76188,1056.98322,1069.727581,1083.078391,1085.464919,1071.251719,1068.478044,1043.978734,1073.941241,1053.230757,1074.825565,1071.981521,1082.726,1082.382199,1087.915515
European Union (KP),1.  Energy,51.7461937,51.7461937,54.98002792,58.60840767,66.39790953,73.25281111,81.85007911,92.12717696,100.3090041,109.9307524,116.4346321,137.3078977,135.8420983,132.2243972,132.929152,134.1588606,127.4253427,121.9316252,112.4812953,108.3736771,105.803639,101.3014371,97.81225297,92.50133098,90.96384411,83.34675683,84.18480402,68.19634386,67.84968905
European Union (KP),2.  Industrial Processes and Product Use,93.1360745,93.1360745,77.69808402,75.40841469,68.14333127,69.68192624,71.1340661,70.83648667,76.99479366,74.35801465,72.82752161,65.1662252,59.28138681,59.01510318,66.27177302,64.68683546,65.36982219,60.30210831,54.50241729,52.95582895,51.45023765,52.57064301,54.16871154,53.60436666,50.67901414,50.39331196,112.2752531,52.69369594,57.04082998
European Union (KP),5.  Waste,49.15376573,49.15376573,48.7625667,48.3825206,47.64095237,47.73477752,48.27174829,48.15102329,48.07383215,47.81581628,47.49070485,47.10349931,47.57521904,46.76357701,45.85432689,44.75029382,44.19224781,41.96181106,41.54598719,41.67822726,40.55278293,38.76258289,39.50681518,39.29752732,40.25158258,40.55926888,40.57999104,40.70101271,40.95445798
European Union (KP),6.  Other,1429.980228,1429.980228,1284.492079,1230.421134,1202.795865,1172.002686,1178.081533,1170.538502,1165.130491,1179.820053,1172.062952,1113.156165,1123.035247,1106.446225,1084.76188,1056.98322,1069.727581,1083.078391,1085.464919,1071.251719,1068.478044,1043.978734,1073.941241,1053.230757,1074.825565,1071.981521,1082.726,1082.382199,1087.915515
Finland,1.  Energy,NE,NE,NE,NE,NE,NE,NE,NE,NE,NE,NE,NE,NE,NE,NE,NE,NE,NE,NE,NE,NE,NE,NE,NE,NE,NE,NE,NE,NE
Finland,2.  Industrial Processes and Product Use,NE,NE,NE,NE,NE,NE,NE,NE,NE,NE,NE,NE,NE,NE,NE,NE,NE,NE,NE,NE,NE,NE,NE,NE,NE,NE,NE,NE,NE
Finland,5.  Waste,NE,NE,NE,NE,NE,NE,NE,NE,NE,NE,NE,NE,NE,NE,NE,NE,NE,NE,NE,NE,NE,NE,NE,NE,NE,NE,NE,NE,NE
Finland,6.  Other,NO,NO,NO,NO,NO,NO,NO,NO,NO,NO,NO,NO,NO,NO,NO,NO,NO,NO,NO,NO,NO,NO,NO,NO,NO,NO,NO,NO,NO
France,1.  Energy,NE,NE,NE,NE,NE,NE,NE,NE,NE,NE,NE,NE,NE,NE,NE,NE,NE,NE,NE,NE,NE,NE,NE,NE,NE,NE,NE,NE,NE
France,2.  Industrial Processes and Product Use,NE,NE,NE,NE,NE,NE,NE,NE,NE,NE,NE,NE,NE,NE,NE,NE,NE,NE,NE,NE,NE,NE,NE,NE,NE,NE,NE,NE,NE
France,5.  Waste,NE,NE,NE,NE,NE,NE,NE,NE,NE,NE,NE,NE,NE,NE,NE,NE,NE,NE,NE,NE,NE,NE,NE,NE,NE,NE,NE,NE,NE
France,6.  Other,NO,NO,NO,NO,NO,NO,NO,NO,NO,NO,NO,NO,NO,NO,NO,NO,NO,NO,NO,NO,NO,NO,NO,NO,NO,NO,NO,NO,
Germany,1.  Energy,11.93748873,11.93748873,13.85379258,17.11800775,20.41456847,22.550776,25.58363807,28.92590399,31.42020131,32.8164579,32.34801379,35.4830288,34.05169726,32.88291213,31.59917487,30.10389668,28.02661664,27.04791879,24.98066371,24.38951268,22.85930174,21.49657182,20.71888044,19.38638828,18.93034867,18.14538545,17.27449624,17.34734684,17.30599354
Germany,2.  Industrial Processes and Product Use,19.08464521,19.08464521,14.44769397,13.25359674,12.86396442,12.27716336,14.29293491,14.41899455,13.33891178,13.63485482,14.02264314,14.48320241,13.20876384,13.73498083,13.95084519,13.93950718,13.67231404,15.28159243,13.89746642,13.32750968,12.4811849,12.69840103,13.09715798,13.00658235,12.81798045,12.82635592,12.68729979,12.53491235,12.55938023
Germany,5.  Waste,0.160728,0.160728,0.33633,0.434232,0.532134,0.839752,1.14737,1.454988,1.601508,1.731755478,1.981483356,2.255476288,2.26329099,2.65659806,2.659983849,2.691449656,2.663350645,2.695337654,2.868023025,2.820839186,2.869562497,2.8473086,3.135110752,3.251078666,3.238123955,3.437950147,3.454163382,3.536347598,3.536347598
Germany,6.  Other,724.4509409,724.4509409,643.6892728,630.329776,633.2955034,604.3201974,608.2153558,615.1033645,606.9136758,614.1089714,613.7125804,610.0357718,619.9249016,604.896852,602.8979216,592.9927438,595.1956906,596.8247328,603.7840266,608.1998893,622.3166912,604.261522,634.247475,623.6758689,641.5527167,644.8216439,655.7497174,647.6251202,639.8066145
Greece,1.  Energy,NE,NE,NE,NE,NE,NE,NE,NE,NE,NE,NE,NE,NE,NE,NE,NE,NE,NE,NE,NE,NE,NE,NE,NE,NE,NE,NE,NE,NE
Greece,2.  Industrial Processes and Product Use,NE,NE,NE,NE,NE,NE,NE,NE,NE,NE,NE,NE,NE,NE,NE,NE,NE,NE,NE,NE,NE,NE,NE,NE,NE,NE,NE,NE,NE
Greece,5.  Waste,NE,NE,NE,NE,NE,NE,NE,NE,NE,NE,NE,NE,NE,NE,NE,NE,NE,NE,NE,NE,NE,NE,NE,NE,NE,NE,NE,NE,NE
Greece,6.  Other,NO,NO,NO,NO,NO,NO,NO,NO,NO,NO,NO,NO,NO,NO,NO,NO,NO,NO,NO,NO,NO,NO,NO,NO,NO,NO,NO,NO,NO
Hungary,1.  Energy,1.547028412,1.915944376,1.890071001,1.894664075,2.025954576,2.090029069,2.221542954,2.206978906,2.198911225,2.304574384,2.448430973,3.996477157,4.621250156,3.101053983,4.269751271,4.025854322,4.297821652,4.407532757,4.685399153,4.108929121,5.478886935,5.944512565,6.660132387,7.175389678,7.257107094,6.177488287,6.679523059,6.615198751,6.25260402
Hungary,2.  Industrial Processes and Product Use,7.681497717,5.444377199,2.492279758,1.219045609,1.086693691,1.295734312,1.007224429,1.587114267,1.301805817,0.939845371,0.644080845,0.747861088,0.558041773,0.417854049,0.306066967,0.362476088,0.544452216,0.585280938,0.482754097,0.327559529,0.341821135,0.265862773,0.364544774,0.349312773,0.396593621,0.454594224,0.289192447,0.376237478,0.432662599
Hungary,5.  Waste,4.11430656,2.6892,2.6992432,2.693467636,2.734852364,2.757992727,2.715435927,2.693034327,2.599662836,2.423671273,2.263708364,2.039872145,1.7352,1.57536,1.3442832,1.1098152,0.929064,0.7942872,0.7023728,0.842615131,1.007189974,1.28253127,1.6110848,1.55133832,1.895143036,1.85566314,1.705779714,1.694444192,1.546262102
Hungary,6.  Other,NE,139.1240246,117.3327543,99.05571615,88.12611608,81.07109172,82.44213256,82.87166061,80.69435642,83.48949814,85.84806506,86.30802944,84.60736572,87.37612943,87.90022046,84.97253573,80.22623767,80.11880866,80.08290906,73.88810165,70.08115546,70.61597025,70.77680492,70.22549154,72.79081385,73.97728209,78.25552495,78.43846985,79.62220823
Iceland,1.  Energy,NE,NE,NE,NE,NE,NE,NE,NE,NE,NE,NE,NE,NE,NE,NE,NE,NE,NE,NE,NE,NE,NE,NE,NE,NE,NE,NE,NE,
Iceland,2.  Industrial Processes and Product Use,0.018557045,0.018557045,0.017691508,0.015898468,0.016133314,0.018072348,0.021430164,0.020089805,0.022401222,0.02138383,0.022874174,0.023725654,0.022468374,0.023215338,0.020543866,0.024281231,0.026146296,0.030788662,0.034333896,0.029377172,0.012610898,0.015944818,0.023445916,0.020204873,0.019469942,0.019415404,0.016845366,0.013112519,0.023218777
Iceland,5.  Waste,NE,NE,NE,NE,NE,NE,0.00048,0.00048,0.00048,0.00048,0.00048,0.00048,0.00048,0.00048,0.00072,0.00072,0.0012,0.00192,0.0024,0.002546,0.003057,0.003659,0.003427,0.002683,0.003592,0.004834,0.005112,0.00547,
Iceland,6.  Other,NO,NO,NO,NO,NO,NO,NO,NO,NO,NO,NO,NO,NO,NO,NO,NO,NO,NO,NO,NO,NO,NO,NO,NO,NO,NO,NO,NO,NO
Ireland,1.  Energy,NE,NE,NE,NE,NE,NE,NE,NE,NE,NE,NE,NE,NE,NE,NE,NE,NE,NE,NE,NE,NE,NE,NE,NE,NE,NE,NE,NE,NE
Ireland,2.  Industrial Processes and Product Use,NO,NO,NO,NO,NO,NO,NO,NO,NO,NO,NO,NO,NO,NO,NO,NO,NO,NO,NO,NO,NO,NO,NO,NO,NO,NO,NO,NO,NO
Ireland,5.  Waste,NE,NE,NE,NE,NE,NE,NE,NE,NE,NE,NE,NE,NE,NE,NE,NE,NE,NE,NE,NE,NE,NE,NE,NE,NE,NE,NE,NE,NE
Ireland,6.  Other,NO,NO,NO,NO,NO,NO,NO,NO,NO,NO,NO,NO,NO,NO,NO,NO,NO,NO,NO,NO,NO,NO,NO,NO,NO,NO,NO,NO,NO
Italy,1.  Energy,10.6326393,10.6326393,10.70780423,11.34314973,12.60450273,13.86492414,15.51832831,17.65892901,19.78868699,23.30373336,25.06515885,33.65140195,33.00011025,32.19434071,33.32848733,37.2964403,32.85187115,30.25070896,23.89281085,23.00099053,20.73746731,18.81380434,17.44340083,14.24236489,14.87799122,12.84916571,12.94001651,13.24950313,13.03337499
Italy,2.  Industrial Processes and Product Use,0.758586906,0.758586906,0.692034613,0.805490781,0.678620806,0.448298944,0.447815019,0.403277449,0.429796506,0.358155938,0.322458569,0.348831019,0.283771905,0.271959306,0.770270589,0.422720168,0.531585267,0.627093393,0.46550561,0.446017777,0.26974061,0.483274808,0.358874295,0.528921764,0.372471509,0.41605385,0.452218391,0.450522247,0.481369835
Italy,5.  Waste,5.220727532,5.220727532,5.495782825,5.678042268,5.926757176,6.234402155,6.516208026,6.800112355,7.060077792,6.946907406,6.984122742,7.439631247,8.011196607,7.729015471,7.667884662,7.431789553,7.54787125,7.44311078,7.355331393,7.097458385,7.11483436,7.048519647,7.135603394,7.84136528,8.198402984,8.411058212,8.445291666,8.389783893,8.499579635
Italy,6.  Other,NO,NO,NO,NO,NO,NO,NO,NO,NO,NO,NO,NO,NO,NO,NO,NO,NO,NO,NO,NO,NO,NO,NO,NO,NO,NO,NO,NO,NO
Japan,1.  Energy,NE,NE,NE,NE,NE,NE,NE,NE,NE,NE,NE,NE,NE,NE,NE,NE,NE,NE,NE,NE,NE,NE,NE,NE,NE,NE,NE,NE,NE
Japan,2.  Industrial Processes and Product Use,NE,NE,NE,NE,NE,NE,NE,NE,NE,NE,NE,NE,NE,NE,NE,NE,NE,NE,NE,NE,NE,NE,NE,NE,NE,NE,NE,NE,NE
Japan,5.  Waste,NE,NE,NE,NE,NE,NE,NE,NE,NE,NE,NE,NE,NE,NE,NE,NE,NE,NE,NE,NE,NE,NE,NE,NE,NE,NE,NE,NE,NE
Japan,6.  Other,NE,NE,NE,NE,NE,NE,NE,NE,NE,NE,NE,NE,NE,NE,NE,NE,NE,NE,NE,NE,NE,NE,NE,NE,NE,NE,NE,NE,NE
Kazakhstan,1.  Energy,NE,NE,NE,NE,NE,NE,NE,NE,NE,NE,NE,NE,NE,NE,NE,NE,NE,NE,NE,NE,NE,NE,NE,NE,NE,NE,NE,NE,NE
Kazakhstan,2.  Industrial Processes and Product Use,NA,NA,NA,NA,NA,NA,NA,NA,NA,NA,NA,NA,NA,NA,NA,NA,NA,NA,NA,NA,NA,NA,NA,NA,NA,NA,NA,NA,NA
Kazakhstan,5.  Waste,NO,NO,NO,NO,NO,NO,NO,NO,NO,NO,NO,NO,NO,NO,NO,NO,NO,NO,NO,NO,NO,NO,NO,NO,NO,NO,NO,NO,NO
Kazakhstan,6.  Other,NO,NO,NO,NO,NO,NO,NO,NO,NO,NO,NO,NO,NO,NO,NO,NO,NO,NO,NO,NO,NO,NO,NO,NO,NO,NO,NO,NO,
Latvia,1.  Energy,1.572253251,1.572253251,1.871339824,1.855278923,2.050027301,2.094991948,2.378421579,2.472182144,2.369870014,2.338128867,2.309403216,2.196936093,2.411725521,2.388153765,2.524701067,2.647171251,2.746950687,2.733037741,2.69041802,2.561484169,2.860686222,2.34226744,2.438192584,2.606528091,2.421261232,2.401855755,2.114600066,2.043018498,2.214580463
Latvia,2.  Industrial Processes and Product Use,NO,NO,NO,NO,NO,NO,NO,NO,NO,NO,NO,NO,NO,NO,NO,NO,NO,NO,NO,NO,NO,NO,NO,NO,NO,NO,NO,NO,NO
Latvia,5.  Waste,0.244064858,0.244064858,0.242953355,0.242101217,0.238447992,0.233085802,0.229995975,0.227489285,0.225477488,0.223345043,0.222094754,0.222134697,0.247980185,0.23420928,0.202973567,0.231067702,0.226784004,0.22089684,0.216595704,0.246615084,0.221631927,0.229912443,0.179403301,0.178190056,0.174400981,0.181338383,0.180293074,0.194257743,0.157553812
Latvia,6.  Other,NO,NO,NO,NO,NO,NO,NO,NO,NO,NO,NO,NO,NO,NO,NO,NO,NO,NO,NO,NO,NO,NO,NO,NO,NO,NO,NO,NO,NO
Liechtenstein,1.  Energy,NE,NE,NE,NE,NE,NE,NE,NE,NE,NE,NE,NE,NE,NE,NE,NE,NE,NE,NE,NE,NE,NE,NE,NE,NE,NE,NE,NE,NE
Liechtenstein,2.  Industrial Processes and Product Use,NA,NA,NA,NA,NA,NA,NA,NA,NA,NA,NA,NA,NA,NA,NA,NA,NA,NA,NA,NA,NA,NA,NA,NA,NA,NA,NA,NA,NA
Liechtenstein,5.  Waste,NO,NO,NO,NO,NO,NO,NO,NO,NO,NO,NO,NO,NO,NO,NO,NO,NO,NO,NO,NO,NO,NO,NO,NO,NO,NO,NO,NO,NO
Liechtenstein,6.  Other,NO,NO,NO,NO,NO,NO,NO,NO,NO,NO,NO,NO,NO,NO,NO,NO,NO,NO,NO,NO,NO,NO,NO,NO,NO,NO,NO,NO,NO
Lithuania,1.  Energy,NO,NO,NO,NO,NO,NO,NO,NO,NO,NO,NO,NO,NO,NO,NO,NO,NO,NO,NO,NO,NO,NO,NO,NO,NO,NO,NO,NO,
Lithuania,2.  Industrial Processes and Product Use,NO,NO,NO,NO,NO,NO,NO,NO,NO,NO,NO,NO,NO,NO,NO,NO,NO,NO,NO,NO,NO,NO,NO,NO,NO,NO,NO,NO,NO
Lithuania,5.  Waste,0.74926,0.74926,0.75052,0.74354,0.73981,0.74043,0.73868,0.73141,0.72472,0.71835,0.71319,0.6778,0.66052,0.6473,0.60488,0.5751,0.5382,0.49652,0.49052,0.52959,0.50183,0.46495,0.45781,0.42886,0.4463,0.42841,0.40278,0.45276,0.43112
Lithuania,6.  Other,NO,NO,NO,NO,NO,NO,NO,NO,NO,NO,NO,NO,NO,NO,NO,NO,NO,NO,NO,NO,NO,NO,NO,NO,NO,NO,NO,NO,NO
Luxembourg,2.  Industrial Processes and Product Use,NO,NO,NO,NO,NO,NO,NO,NO,NO,NO,NO,NO,NO,NO,NO,NO,NO,NO,NO,NO,NO,NO,NO,NO,NO,NO,NO,NO,NO
Luxembourg,5.  Waste,0.048,0.048,0.0469344,0.0458688,0.04741608,0.046881115,0.0465918,0.0449535,0.04880458,0.06018588,0.05812918,0.06387868,0.06181794,0.06338764,0.063985536,0.06139432,0.06150102,0.0665931,0.06730438,0.0692017,0.06686994,0.06491016,0.045557582,0.046591491,0.044327515,0.044416314,0.037778593,0.036774978,0.035324718
Luxembourg,6.  Other,NO,NO,NO,NO,NO,NO,NO,NO,NO,NO,NO,NO,NO,NO,NO,NO,NO,NO,NO,NO,NO,NO,NO,NO,NO,NO,NO,NO,NO
Malta,1.  Energy,0.002133855,0.002133855,0.006571953,0.011873853,0.017313525,0.023630084,0.029493832,0.036557624,0.041909735,0.047860876,0.055718975,0.061701693,0.060051672,0.058400414,0.058492868,0.059532581,0.058254572,0.058899363,0.060080292,0.072980302,0.060024771,0.058895488,0.056095565,0.05386254,0.052051374,0.049965485,0.049110596,0.046562665,
Malta,2.  Industrial Processes and Product Use,NE,NE,NE,NE,NE,NE,NE,NE,NE,NE,NE,NE,NE,NE,NE,NE,NE,NE,NE,NE,NE,NE,NE,NE,NE,NE,NE,NE,NE
Malta,5.  Waste,NE,NE,NE,NE,NE,NE,NE,NE,NE,NE,NE,NE,NE,NE,NE,NE,NE,NE,NE,NE,NE,NE,NE,NE,NE,NE,NE,NE,NE
Malta,6.  Other,NA,NA,NA,NA,NA,NA,NA,NA,NA,NA,NA,NA,NA,NA,NA,NA,NA,NA,NA,NA,NA,NA,NA,NA,NA,NA,NA,,
Monaco,1.  Energy,0.000412551,0.000412551,0.000453578,0.000509499,0.000966364,0.002508502,0.003328149,0.004233328,0.004624359,0.005631542,0.006592074,0.006843129,0.006603423,0.006074443,0.005327557,0.004748441,0.004256931,0.003915602,0.003709163,0.003285459,0.002680061,0.002138255,0.002173231,0.002107512,0.001954646,0.001725283,0.001535959,0.00147494,0.001415635
Monaco,2.  Industrial Processes and Product Use,IE,IE,IE,IE,IE,IE,IE,IE,IE,IE,IE,IE,IE,IE,IE,IE,IE,IE,IE,IE,IE,IE,IE,IE,IE,IE,IE,IE,IE
Monaco,5.  Waste,NO,NO,NO,NO,NO,NO,NO,NO,NO,NO,NO,NO,NO,NO,NO,NO,NO,NO,NO,NO,NO,NO,NO,NO,NO,NO,NO,NO,NO
Monaco,6.  Other,NO,NO,NO,NO,NO,NO,NO,NO,NO,NO,NO,NO,NO,NO,NO,NO,NO,NO,NO,NO,NO,NO,NO,NO,NO,NO,NO,NO,NO
Netherlands,1.  Energy,1.539615138,1.539615138,1.782627088,2.013755992,2.196545859,2.338048414,2.789613062,3.207203796,3.522072434,3.792938461,4.207704909,4.45289281,4.939864789,5.289393927,5.437439747,5.563569424,5.623018148,5.560093789,5.464558247,6.023149987,5.663495964,5.356966651,5.540930002,5.184325483,4.665577677,4.224641753,4.694967228,,
Netherlands,2.  Industrial Processes and Product Use,5.434831752,5.434831752,5.383558483,5.332285213,5.281011944,5.229738674,5.178481405,5.020461842,4.896999,4.763757162,4.555245998,3.999586291,4.074962948,3.751420946,3.869084279,4.413920281,3.642385848,3.462975469,3.247737846,2.595498193,2.523739882,2.558558766,2.42411046,2.146816403,2.251634454,2.210328255,,,
Netherlands,5.  Waste,0.0456,0.0456,0.0644,0.1236068,0.1941194,0.270807104,0.313391364,0.321047001,0.331119649,0.299569612,0.301018569,0.3203808,0.3091872,0.311090627,0.293989203,0.316849007,0.337757521,0.323098523,0.311015245,0.288002831,0.302041378,0.25417056,0.242488928,0.24328,0.23565,0.23563,,,
Netherlands,6.  Other,NO,NO,NO,NO,NO,NO,NO,NO,NO,NO,NO,NO,NO,NO,NO,NO,NO,NO,NO,NO,NO,NO,NO,NO,NO,NO,NO,NO,NO
New Zealand,2.  Industrial Processes and Product Use,NO,NO,NO,NO,NO,NO,NO,NO,NO,NO,NO,NO,NO,NO,NO,NO,NO,NO,NO,NO,NO,NO,NO,NO,NO,NO,NO,NO,NO
New Zealand,5.  Waste,NO,NO,NO,NO,NO,NO,NO,NO,NO,NO,NO,NO,NO,NO,NO,NO,NO,NO,NO,NO,NO,NO,NO,NO,NO,NO,NO,NO,NO
New Zealand,6.  Other,NE,NE,NE,NE,NE,NE,NE,NE,NE,NE,NE,NE,NE,NE,NE,NE,NE,NE,NE,NE,NE,NE,NE,NE,NE,NE,NE,NE,NE
Norway,1.  Energy,0.240459118,0.240459118,0.305768362,0.377504275,0.477141845,0.59205974,0.865581459,1.097590116,1.326473215,1.549338415,1.751669175,1.94237427,2.063402331,2.105768866,2.096629807,2.07083909,2.09116148,2.03776797,1.989438854,1.861182516,1.71899163,1.584845641,1.42829895,1.293061973,1.132867722,0.991717818,0.890315017,0.803238792,0.751641669
Norway,2.  Industrial Processes and Product Use,0.6062656,0.6062656,0.47461945,0.49201945,0.440808,0.4269946,0.46557825,0.46049535,0.49355145,0.5283192,0.50237435,0.725395561,0.697309911,0.569644083,0.539937528,0.572103626,0.55021559,0.685255831,0.626593357,0.614744935,0.449976078,0.537101666,0.59256366,0.624338016,0.646841065,0.622332684,0.749093915,0.691235163,0.611603867
Norway,5.  Waste,0.108148278,0.108148278,0.135652874,0.155823173,0.163991145,0.165072769,0.168703339,0.166992683,0.223334141,0.224485824,0.26614668,0.290814661,0.304136329,0.339352382,0.371960672,0.330484427,0.331303226,0.334220922,0.28738559,0.314048833,0.339403322,0.340130162,0.324503781,0.368659337,0.353763057,0.286529836,0.290312384,0.337093399,0.335852706
Poland,1.  Energy,NA,NA,NA,NA,NA,NA,NA,NA,NA,NA,NA,NA,NA,NA,NA,NA,NA,NA,NA,NA,NA,NA,NA,NA,NA,NA,NA,NA,NA
Poland,2.  Industrial Processes and Product Use,NA,NA,NA,NA,NA,NA,NA,NA,NA,NA,NA,NA,NA,NA,NA,NA,NA,NA,NA,NA,NA,NA,NA,NA,NA,NA,NA,NA,NA
Poland,5.  Waste,NA,NA,NA,NA,NA,NA,NA,NA,NA,NA,NA,NA,NA,NA,NA,NA,NA,NA,NA,NA,NA,NA,NA,NA,NA,NA,NA,NA,NA
Poland,6.  Other,NA,448.6675844,407.5691836,384.8767426,362.9780724,368.0974747,365.0648352,348.5848422,354.5741763,358.7575706,349.3087035,330.7292083,336.2490448,334.4606611,317.9798092,308.0086026,324.3156611,336.8034214,336.3146375,323.5714004,309.3516926,303.3347982,303.9128617,293.8753421,294.4338431,288.7598366,284.7270654,293.3057517,306.1641852
Portugal,1.  Energy,NO,NO,NO,NO,NO,NO,NO,NO,NO,NO,NO,NO,NO,NO,NO,NO,NO,NO,NO,NO,NO,NO,NO,NO,NO,NO,NO,NO,NO
Portugal,2.  Industrial Processes and Product Use,NE,NE,NE,NE,NE,NE,NE,NE,NE,NE,NE,NE,NE,NE,NE,NE,NE,NE,NE,NE,NE,NE,NE,NE,NE,NE,NE,NE,NE
Portugal,5.  Waste,NE,NE,NE,NE,NE,NE,NE,NE,NE,NE,NE,NE,NE,NE,NE,NE,NE,NE,NE,NE,NE,NE,NE,NE,NE,NE,NE,NE,NE
Portugal,6.  Other,NO,NO,NO,NO,NO,NO,NO,NO,NO,NO,NO,NO,NO,NO,NO,NO,NO,NO,NO,NO,NO,NO,NO,NO,NO,NO,NO,NO,NO
Romania,2.  Industrial Processes and Product Use,NO,NO,NO,NO,NO,NO,NO,NO,NO,NO,NO,NO,NO,NO,NO,NO,NO,NO,NO,NO,NO,NO,NO,NO,NO,NO,NO,NO,NO
Romania,5.  Waste,"NE,NO","NE,NO","NE,NO","NE,NO","NE,NO","NE,NO","NE,NO","NE,NO","NE,NO","NE,NO","NE,NO","NE,NO","NE,NO","NE,NO","NE,NO","NE,NO","NE,NO","NE,NO","NE,NO","NE,NO","NE,NO","NE,NO","NE,NO","NE,NO","NE,NO","NE,NO","NE,NO","NE,NO","NE,NO"
Russian Federation,1.  Energy,NO,NO,NO,NO,NO,NO,NO,NO,NO,NO,NO,NO,NO,NO,NO,NO,NO,NO,NO,NO,NO,NO,NO,NO,NO,NO,NO,NO,NO
Russian Federation,2.  Industrial Processes and Product Use,NE,NE,NE,NE,NE,NE,NE,NE,NE,NE,NE,NE,NE,NE,NE,NE,NE,NE,NE,NE,NE,NE,NE,NE,NE,NE,NE,NE,
Russian Federation,5.  Waste,NE,NE,NE,NE,NE,NE,NE,NE,NE,NE,NE,NE,NE,NE,NE,NE,NE,NE,NE,NE,NE,NE,NE,NE,NE,NE,NE,NE,NE
Russian Federation,6.  Other,NO,NO,NO,NO,NO,NO,NO,NO,NO,NO,NO,NO,NO,NO,NO,NO,NO,NO,NO,NO,NO,NO,NO,NO,NO,,,,
Slovakia,1.  Energy,0.522766252,0.522766252,0.731419877,0.619186299,0.813403791,0.881204132,0.951531152,1.198473746,1.140860225,1.203043485,1.37072701,1.399087171,1.590888326,1.561563825,1.760327194,2.002163495,2.675619651,2.492497983,2.724552572,2.466995047,2.307103994,2.600191074,2.402216436,2.526158594,2.292852547,1.720210375,1.921168558,2.074597075,1.88771623
Slovakia,2.  Industrial Processes and Product Use,0.610129925,0.610129925,0.568853504,0.556881161,0.556515025,0.537453814,0.528029785,0.516398021,0.502873847,0.486197701,0.473016591,0.351581985,0.361431552,0.419745148,0.384382196,0.350051827,0.336605533,0.169091351,0.283411239,0.150230559,0.12894426,0.120897028,0.218316553,0.217647453,0.161517087,0.121131514,0.185780871,0.265615306,0.258353595
Slovakia,5.  Waste,1.249220554,1.249220554,1.191633045,1.184875519,1.169920333,1.164513075,1.154968666,1.130080174,1.099105435,1.065750288,1.032285958,0.997869381,0.946929197,0.930478524,0.888247221,0.831767431,0.785677377,0.807129385,0.679196978,0.634520636,0.616427191,0.534968023,0.396969462,0.396803932,0.351306612,0.35928738,0.40779618,0.337294679,0.354282129
Slovakia,6.  Other,NO,NO,NO,NO,NO,NO,NO,NO,NO,NO,NO,NO,NO,NO,NO,NO,NO,NO,NO,NO,NO,NO,NO,NO,NO,NO,NO,NO,NO
Slovenia,1.  Energy,1.250599741,1.197273495,1.174610104,1.181262823,1.261156826,1.347961679,1.440625137,1.586178707,1.67859267,1.680356078,1.648002437,1.749232549,1.768055352,1.780295733,1.832074289,1.811449782,2.046870645,2.006888437,1.961636403,1.972011892,2.189868858,2.184989031,2.13063874,2.045356402,2.038849169,1.742414151,1.771271291,NE,NE
Slovenia,2.  Industrial Processes and Product Use,NO,NO,NO,NO,NO,NO,NO,NO,NO,NO,NO,0.104262,0.104262,0.104262,0.06778,0.125969,0.092355,0.08401,0.070713709,0.0017402,0.0565484,0.0574044,0.05199,0.075052,0.067449,0.065303,0.047022,NE,
Slovenia,5.  Waste,1.1783776,1.015989103,0.967955579,0.913850055,0.859987731,0.813717406,0.776169225,0.724545301,0.674858977,0.617935853,0.586628728,0.543990404,0.50390088,0.459132136,0.415053907,0.076790621,0.062648432,0.051244795,0.043464922,0.041986296,0.036438016,0.018574723,0.020593072,0.019397914,0.021752775,0.022049467,0.021989647,0.024456396,NE
Slovenia,6.  Other,NO,NO,NO,NO,NO,NO,NO,NO,NO,NO,NO,NO,NO,NO,NO,NO,NO,NO,NO,NO,NO,NO,NO,NO,NO,NO,NO,NO,NO
Spain,1.  Energy,8.728415728,8.728415728,8.342117303,7.896031108,8.311940688,9.158379317,9.371090839,10.2746569,10.87568507,12.2373598,13.4273281,13.77583631,13.96700189,15.07066839,14.9297941,14.74845705,14.38450714,13.76201966,13.26200088,12.79327301,13.12189753,12.63706906,12.62863182,12.7423935,12.81223162,12.27073825,12.45341379,12.28970191,12.62944074
Spain,2.  Industrial Processes and Product Use,42.74938692,42.74938692,35.48846797,29.95681845,25.26427714,27.90496068,30.83214194,30.88407888,39.98576135,35.43161557,39.51252256,32.4822213,29.04200062,28.76397973,34.75773749,31.77745293,33.31669412,28.1336818,24.13106124,25.56609746,26.3562372,25.80483635,25.73763093,26.01832517,25.47136236,26.34618146,33.30694518,30.71474127,34.1808634
Spain,5.  Waste,21.31568532,21.31568532,20.36542085,19.44530999,18.55200937,17.64659332,16.74041694,15.83093739,14.94595479,14.02619189,13.15429389,12.3499202,11.53717093,10.82098807,10.03444821,9.240139857,8.373196163,7.079454176,6.542604703,6.797291895,4.696965205,2.668989692,2.62268059,1.859742442,1.913050328,1.919172161,2.00163602,1.84324457,1.842956231
Spain,6.  Other,NA,NA,NA,NA,NA,NA,NA,NA,NA,NA,NA,NA,NA,NA,NA,NA,NA,NA,NA,NA,NA,NA,NA,NA,NA,NA,NA,NA,NA
Switzerland,1.  Energy,1.735010268,1.735010268,2.145565624,2.561986241,2.640530591,2.873041394,2.998852937,3.290224524,3.604218093,3.861167047,4.186735349,5.425350996,5.238919166,4.921235968,4.681903228,4.442709675,4.190314803,3.890417434,3.762869069,3.549348041,3.308189321,3.084319673,2.823187678,2.600528916,2.389704812,2.231511538,1.997845182,1.919165917,1.859735935
Switzerland,2.  Industrial Processes and Product Use,0.36854965,0.36854965,0.333374987,0.335185475,0.326400962,0.32232589,0.323081277,0.333235575,0.357435144,0.360903911,0.381369916,0.395676894,0.322934345,0.315685065,0.317712723,0.333630041,0.352719858,0.304207143,0.29372705,0.279525551,0.276102981,0.209306437,0.230149341,0.21124976,0.177485439,0.204443908,0.167082212,0.161199256,0.179610483
Switzerland,5.  Waste,0.910900448,0.910900448,0.855296953,0.874219733,0.850698429,0.82576555,0.847216427,0.857648483,0.85777037,0.856796526,0.877303857,0.906938499,0.927473655,0.944950072,0.921456468,0.931265994,0.925451266,0.926358987,0.920136434,0.906091005,0.890884117,0.883141303,0.874656513,0.877321585,0.882631547,0.887079401,0.892944633,0.90104312,0.900624903
Switzerland,6.  Other,0.977837398,0.977837398,0.942981652,0.927464224,0.904655763,0.90036629,0.916194517,0.998638142,0.976748802,0.961998457,1.007739811,0.998995252,0.957043901,0.961448328,0.93605455,0.896812072,0.872093383,0.846465025,0.854831023,0.855801491,0.867689204,0.905594353,0.941478882,1.002904176,0.999134738,1.022327831,1.023862167,1.013437742,1.005537285
Turkey,1.  Energy,1.028795932,1.028795932,1.020450335,1.022679348,1.020971549,1.074815262,1.085489469,1.086942158,1.107051558,1.111080853,1.067286745,1.0491691,0.993656621,0.96457777,0.931311702,0.93733276,0.898283262,0.883570278,0.84298605,0.886728421,1.559403446,1.493484779,1.430138221,7.08184162,7.165959199,6.856257338,8.778541574,5.325952157,
Turkey,2.  Industrial Processes and Product Use,44.9253067,44.9253067,36.26963288,38.33073656,43.41006455,25.97472514,41.3897939,41.30204508,34.41105272,39.86975661,34.6418325,33.03221256,28.1521189,32.89322148,31.70914214,31.97993034,29.8806933,37.12194515,35.04996447,37.16216049,33.32911062,37.16216049,39.90508645,38.85790881,37.31587881,37.84011418,31.5894832,25.69567918,
Turkey,5.  Waste,48.215784,48.215784,47.5624496,46.9130576,46.2588752,45.6111392,44.9786176,46.7817376,44.7827616,45.7549232,44.4024784,42.895304,41.2862608,40.6844864,40.7829232,40.736848,38.4268208,30.1317008,30.9139928,31.7504352,31.5459952,31.5294976,29.3413528,26.9961424,23.6074752,20.198904,21.8711424,20.140288,20.140288
Turkey,6.  Other,NO,NO,NO,NO,NO,NO,NO,NO,NO,NO,NO,NO,NO,NO,NO,NO,NO,NO,NO,NO,NO,NO,NO,NO,NO,NO,NO,NO,NO
Ukraine,1.  Energy,NA,NA,NA,NA,NA,NA,NA,NA,NA,NA,NA,NA,NA,NA,NA,NA,NA,NA,NA,NA,NA,NA,NA,NA,NA,NA,NA,NA,NA
Ukraine,2.  Industrial Processes and Product Use,NO,NO,NO,NO,NO,NO,NO,NO,NO,NO,NO,NO,NO,NO,NO,NO,NO,NO,NO,NO,NO,NO,NO,NO,NO,NO,NO,NO,NO
Ukraine,5.  Waste,NE,NE,NE,NE,NE,NE,NE,NE,NE,NE,NE,NE,NE,NE,NE,NE,NE,NE,NE,NE,NE,NE,NE,NE,NE,NE,NE,NE,
Ukraine,6.  Other,NO,NO,NO,NO,NO,NO,NO,NO,NO,NO,NO,NO,NO,NO,NO,NO,NO,NO,NO,NO,NO,NO,NO,NO,NO,NO,NO,NO,
United Kingdom of Great Britain and Northern Ireland,1.  Energy,2.093104328,2.093104328,2.16976688,2.713399665,4.4293225,6.772141134,8.768465882,10.8544767,13.34641817,15.67344131,17.75742972,24.92217525,23.39445826,22.11944502,20.50773116,19.39667476,18.09108585,17.26605712,15.92413321,14.60404818,13.96392789,13.12694389,12.08910747,10.99441875,10.29936452,9.570502885,9.700212125,9.134112122,
United Kingdom of Great Britain and Northern Ireland,2.  Industrial Processes and Product Use,11.31452444,11.31452444,11.2039477,10.82362595,10.31453456,10.2120388,10.18115414,11.06430006,9.336694565,11.70280189,7.621372141,6.385175892,6.444659754,6.188351186,5.877434186,5.857274992,6.796796077,6.53028033,6.287364161,5.702475516,5.450702643,5.758643912,6.455374596,6.077134137,4.782446899,4.300750245,3.47089949,3.833460707,4.266620873
United Kingdom of Great Britain and Northern Ireland,5.  Waste,16.67138218,16.67138218,16.41894771,16.7376979,17.66312557,17.90818689,18.38470419,19.30780267,19.71293842,19.6475875,20.78677049,20.73790691,21.03100726,21.61292999,21.98515226,21.2733529,21.43727311,21.49313593,22.21420874,22.42497631,22.75755231,22.62028945,22.84465375,22.78591768,22.93058205,23.14261439,23.47416593,23.14261439,23.47416593
United Kingdom of Great Britain and Northern Ireland,6.  Other,NO,NO,NO,NO,NO,NO,NO,NO,NO,NO,NO,NO,NO,NO,NO,NO,NO,NO,NO,NO,NO,NO,NO,NO,NO,NO,NO,NO,NO
United States of America,1.  Energy,NA,NA,NA,NA,NA,NA,NA,NA,NA,NA,NA,NA,NA,NA,NA,NA,NA,NA,NA,NA,NA,NA,NA,NA,NA,NA,NA,NA,NA
United States of America,2.  Industrial Processes and Product Use,NE,NE,NE,NE,NE,NE,NE,NE,NE,NE,NE,NE,NE,NE,NE,NE,NE,NE,NE,NE,NE,NE,NE,NE,NE,NE,NE,NE,NE
United States of America,5.  Waste,NE,NE,NE,NE,NE,NE,NE,NE,NE,NE,NE,NE,NE,NE,NE,NE,NE,NE,NE,NE,NE,NE,NE,NE,NE,NE,NE,NE,NE
United States of America,6.  Other,NA,NA,NA,NA,NA,NA,NA,NA,NA,NA,NA,NA,NA,NA,NA,NA,NA,NA,NA,NA,NA,NA,NA,NA,NA,NA,NA,NA,NA
,,,,,,,,,,,,,,,,,,,,,,,,,,,,,,
,,,,,,,,,,,,,,,,,,,,,,,,,,,,,,
Source: UNFCCC Data Interface,,,,,,,,,,,,,,,,,,,,,,,,,,,,,,
,,,,,,,,,,,,,,,,,,,,,,,,,,,,,,
Note 1: The reporting and review requirements for GHG inventories are different for Annex I and non-Annex I Parties. The definition format of data for emissions/removals from the forestry sector is different for Annex I and non-Annex I Parties.,,,,,,,,,,,,,,,,,,,,,,,,,,,,,,
Note 2: Base year data in the data interface relate to the base year under the Climate Change Convention (UNFCCC).  The base year under the Convention is defined slightly different than the base year under the Kyoto Protocol.  An exception is made for European Union (KP) whereby the base year under the Kyoto Protocol is displayed.,,,,,,,,,,,,,,,,,,,,,,,,,,,,,,
"Note 3: – means ""No data available""",,,,,,,,,,,,,,,,,,,,,,,,,,,,,,
"Note 4: Data displayed on the data interface are ""as received"" from Parties. The publication of Party submissions on this website does not imply the expression of any opinion whatsoever on the part of the UNFCCC or the Secretariat of the United Nations concerning the legal status of any country, territory, city or area or of its authorities, or concerning the delimitation of its frontiers or boundaries as may be referred to in any of the submissions.",,,,,,,,,,,,,,,,,,,,,,,,,,,,,,
,,,,,,,,,,,,,,,,,,,,,,,,,,,,,,
"Report produced on Monday, 12 August 2019, 14:22:55 GMT-3",,,,,,,,,,,,,,,,,,,,,,,,,,,,,,