iso,sector,fuel,X2001,X2002,X2003,X2004,X2005,X2006,X2007,X2008,X2009,X2010,X2011,X2012,X2013,X2014,X2015,X2016,X2017
ago,1A3aii_Domestic-aviation,light_oil,2.59E-05,2.59E-05,2.59E-05,2.59E-05,2.59E-05,2.62E-05,2.65E-05,2.69E-05,2.72E-05,2.75E-05,2.75E-05,2.75E-05,2.75E-05,2.75E-05,2.75E-05,2.75E-05,2.75E-05
alb,1A3dii_Domestic-navigation,diesel_oil,0.0003125,0.0003125,0.0003125,0.0003125,0.0003125,0.0003125,0.0003125,0.0003125,0.0003125,0.0003125,0.0003125,0.0003125,0.0003125,0.0003125,0.0003125,0.0003125,0.0003125
are,1A1a_Electricity-autoproducer,diesel_oil,1.99E-06,1.99E-06,1.99E-06,1.99E-06,1.99E-06,1.99E-06,1.99E-06,1.99E-06,1.99E-06,1.99E-06,1.99E-06,1.99E-06,1.99E-06,1.99E-06,1.99E-06,1.99E-06,1.99E-06
are,1A1a_Electricity-public,diesel_oil,1.99E-06,1.99E-06,1.99E-06,1.99E-06,1.99E-06,1.99E-06,1.99E-06,1.99E-06,1.99E-06,1.99E-06,1.99E-06,1.99E-06,1.99E-06,1.99E-06,1.99E-06,1.99E-06,1.99E-06
are,1A1a_Heat-production,diesel_oil,1.99E-06,1.99E-06,1.99E-06,1.99E-06,1.99E-06,1.99E-06,1.99E-06,1.99E-06,1.99E-06,1.99E-06,1.99E-06,1.99E-06,1.99E-06,1.99E-06,1.99E-06,1.99E-06,1.99E-06
are,1A2a_Ind-Comb-Iron-steel,hard_coal,2.97E-05,2.97E-05,2.97E-05,2.97E-05,2.97E-05,2.96E-05,2.95E-05,2.94E-05,2.93E-05,2.93E-05,2.93E-05,2.93E-05,2.93E-05,2.93E-05,2.93E-05,2.93E-05,2.93E-05
are,1A2b_Ind-Comb-Non-ferrous-metals,hard_coal,2.97E-05,2.97E-05,2.97E-05,2.97E-05,2.97E-05,2.96E-05,2.95E-05,2.94E-05,2.93E-05,2.93E-05,2.93E-05,2.93E-05,2.93E-05,2.93E-05,2.93E-05,2.93E-05,2.93E-05
are,1A2c_Ind-Comb-Chemicals,hard_coal,2.97E-05,2.97E-05,2.97E-05,2.97E-05,2.97E-05,2.96E-05,2.95E-05,2.94E-05,2.93E-05,2.93E-05,2.93E-05,2.93E-05,2.93E-05,2.93E-05,2.93E-05,2.93E-05,2.93E-05
are,1A2d_Ind-Comb-Pulp-paper,hard_coal,2.97E-05,2.97E-05,2.97E-05,2.97E-05,2.97E-05,2.96E-05,2.95E-05,2.94E-05,2.93E-05,2.93E-05,2.93E-05,2.93E-05,2.93E-05,2.93E-05,2.93E-05,2.93E-05,2.93E-05
are,1A2e_Ind-Comb-Food-tobacco,hard_coal,2.97E-05,2.97E-05,2.97E-05,2.97E-05,2.97E-05,2.96E-05,2.95E-05,2.94E-05,2.93E-05,2.93E-05,2.93E-05,2.93E-05,2.93E-05,2.93E-05,2.93E-05,2.93E-05,2.93E-05
are,1A2f_Ind-Comb-Non-metalic-minerals,hard_coal,2.97E-05,2.97E-05,2.97E-05,2.97E-05,2.97E-05,2.96E-05,2.95E-05,2.94E-05,2.93E-05,2.93E-05,2.93E-05,2.93E-05,2.93E-05,2.93E-05,2.93E-05,2.93E-05,2.93E-05
are,1A2g_Ind-Comb-Construction,hard_coal,2.97E-05,2.97E-05,2.97E-05,2.97E-05,2.97E-05,2.96E-05,2.95E-05,2.94E-05,2.93E-05,2.93E-05,2.93E-05,2.93E-05,2.93E-05,2.93E-05,2.93E-05,2.93E-05,2.93E-05
are,1A2g_Ind-Comb-machinery,hard_coal,2.97E-05,2.97E-05,2.97E-05,2.97E-05,2.97E-05,2.96E-05,2.95E-05,2.94E-05,2.93E-05,2.93E-05,2.93E-05,2.93E-05,2.93E-05,2.93E-05,2.93E-05,2.93E-05,2.93E-05
are,1A2g_Ind-Comb-mining-quarying,hard_coal,2.97E-05,2.97E-05,2.97E-05,2.97E-05,2.97E-05,2.96E-05,2.95E-05,2.94E-05,2.93E-05,2.93E-05,2.93E-05,2.93E-05,2.93E-05,2.93E-05,2.93E-05,2.93E-05,2.93E-05
are,1A2g_Ind-Comb-other,hard_coal,2.97E-05,2.97E-05,2.97E-05,2.97E-05,2.97E-05,2.96E-05,2.95E-05,2.94E-05,2.93E-05,2.93E-05,2.93E-05,2.93E-05,2.93E-05,2.93E-05,2.93E-05,2.93E-05,2.93E-05
are,1A2g_Ind-Comb-textile-leather,hard_coal,2.97E-05,2.97E-05,2.97E-05,2.97E-05,2.97E-05,2.96E-05,2.95E-05,2.94E-05,2.93E-05,2.93E-05,2.93E-05,2.93E-05,2.93E-05,2.93E-05,2.93E-05,2.93E-05,2.93E-05
are,1A2g_Ind-Comb-transpequip,hard_coal,2.97E-05,2.97E-05,2.97E-05,2.97E-05,2.97E-05,2.96E-05,2.95E-05,2.94E-05,2.93E-05,2.93E-05,2.93E-05,2.93E-05,2.93E-05,2.93E-05,2.93E-05,2.93E-05,2.93E-05
are,1A2g_Ind-Comb-wood-products,hard_coal,2.97E-05,2.97E-05,2.97E-05,2.97E-05,2.97E-05,2.96E-05,2.95E-05,2.94E-05,2.93E-05,2.93E-05,2.93E-05,2.93E-05,2.93E-05,2.93E-05,2.93E-05,2.93E-05,2.93E-05
aut,1A2a_Ind-Comb-Iron-steel,coal_coke,7.63E-06,7.63E-06,7.63E-06,7.63E-06,7.63E-06,7.63E-06,7.63E-06,7.63E-06,7.63E-06,7.63E-06,7.63E-06,7.63E-06,7.63E-06,7.63E-06,7.63E-06,7.63E-06,7.63E-06
aut,1A2b_Ind-Comb-Non-ferrous-metals,coal_coke,7.63E-06,7.63E-06,7.63E-06,7.63E-06,7.63E-06,7.63E-06,7.63E-06,7.63E-06,7.63E-06,7.63E-06,7.63E-06,7.63E-06,7.63E-06,7.63E-06,7.63E-06,7.63E-06,7.63E-06
aut,1A2c_Ind-Comb-Chemicals,coal_coke,7.63E-06,7.63E-06,7.63E-06,7.63E-06,7.63E-06,7.63E-06,7.63E-06,7.63E-06,7.63E-06,7.63E-06,7.63E-06,7.63E-06,7.63E-06,7.63E-06,7.63E-06,7.63E-06,7.63E-06
aut,1A2d_Ind-Comb-Pulp-paper,coal_coke,7.63E-06,7.63E-06,7.63E-06,7.63E-06,7.63E-06,7.63E-06,7.63E-06,7.63E-06,7.63E-06,7.63E-06,7.63E-06,7.63E-06,7.63E-06,7.63E-06,7.63E-06,7.63E-06,7.63E-06
aut,1A2e_Ind-Comb-Food-tobacco,coal_coke,7.63E-06,7.63E-06,7.63E-06,7.63E-06,7.63E-06,7.63E-06,7.63E-06,7.63E-06,7.63E-06,7.63E-06,7.63E-06,7.63E-06,7.63E-06,7.63E-06,7.63E-06,7.63E-06,7.63E-06
aut,1A2f_Ind-Comb-Non-metalic-minerals,coal_coke,7.63E-06,7.63E-06,7.63E-06,7.63E-06,7.63E-06,7.63E-06,7.63E-06,7.63E-06,7.63E-06,7.63E-06,7.63E-06,7.63E-06,7.63E-06,7.63E-06,7.63E-06,7.63E-06,7.63E-06
aut,1A2g_Ind-Comb-Construction,coal_coke,7.63E-06,7.63E-06,7.63E-06,7.63E-06,7.63E-06,7.63E-06,7.63E-06,7.63E-06,7.63E-06,7.63E-06,7.63E-06,7.63E-06,7.63E-06,7.63E-06,7.63E-06,7.63E-06,7.63E-06
aut,1A2g_Ind-Comb-machinery,coal_coke,7.63E-06,7.63E-06,7.63E-06,7.63E-06,7.63E-06,7.63E-06,7.63E-06,7.63E-06,7.63E-06,7.63E-06,7.63E-06,7.63E-06,7.63E-06,7.63E-06,7.63E-06,7.63E-06,7.63E-06
aut,1A2g_Ind-Comb-mining-quarying,coal_coke,7.63E-06,7.63E-06,7.63E-06,7.63E-06,7.63E-06,7.63E-06,7.63E-06,7.63E-06,7.63E-06,7.63E-06,7.63E-06,7.63E-06,7.63E-06,7.63E-06,7.63E-06,7.63E-06,7.63E-06
aut,1A2g_Ind-Comb-other,coal_coke,7.63E-06,7.63E-06,7.63E-06,7.63E-06,7.63E-06,7.63E-06,7.63E-06,7.63E-06,7.63E-06,7.63E-06,7.63E-06,7.63E-06,7.63E-06,7.63E-06,7.63E-06,7.63E-06,7.63E-06
aut,1A2g_Ind-Comb-textile-leather,coal_coke,7.63E-06,7.63E-06,7.63E-06,7.63E-06,7.63E-06,7.63E-06,7.63E-06,7.63E-06,7.63E-06,7.63E-06,7.63E-06,7.63E-06,7.63E-06,7.63E-06,7.63E-06,7.63E-06,7.63E-06
aut,1A2g_Ind-Comb-transpequip,coal_coke,7.63E-06,7.63E-06,7.63E-06,7.63E-06,7.63E-06,7.63E-06,7.63E-06,7.63E-06,7.63E-06,7.63E-06,7.63E-06,7.63E-06,7.63E-06,7.63E-06,7.63E-06,7.63E-06,7.63E-06
aut,1A2g_Ind-Comb-wood-products,coal_coke,7.63E-06,7.63E-06,7.63E-06,7.63E-06,7.63E-06,7.63E-06,7.63E-06,7.63E-06,7.63E-06,7.63E-06,7.63E-06,7.63E-06,7.63E-06,7.63E-06,7.63E-06,7.63E-06,7.63E-06
aze,1A3dii_Domestic-navigation,diesel_oil,0.000328767,0.000328767,0.000328767,0.000328767,0.000328767,0.000328767,0.000328767,0.000328767,0.000328767,0.000328767,0.000328767,0.000328767,0.000328767,0.000328767,0.000328767,0.000328767,0.000328767
aze,1A3eii_Other-transp,diesel_oil,0.000414286,0.000414286,0.000414286,0.000414286,0.000414286,0.000414286,0.000414286,0.000414286,0.000414286,0.000414286,0.000414286,0.000414286,0.000414286,0.000414286,0.000414286,0.000414286,0.000414286
bel,1A4b_Residential,brown_coal,0.002777778,0.002777778,0.002777778,0.002777778,0.002777778,0.002777778,0.002777778,0.002777778,0.002777778,0.002777778,0.002777778,0.002777778,0.002777778,0.002777778,0.002777778,0.002777778,0.002777778
ben,1A2a_Ind-Comb-Iron-steel,heavy_oil,2.33E-05,2.33E-05,2.33E-05,2.33E-05,2.33E-05,2.75E-05,3.17E-05,3.60E-05,4.02E-05,4.44E-05,4.44E-05,4.44E-05,4.44E-05,4.44E-05,4.44E-05,4.44E-05,4.44E-05
ben,1A2b_Ind-Comb-Non-ferrous-metals,heavy_oil,2.33E-05,2.33E-05,2.33E-05,2.33E-05,2.33E-05,2.75E-05,3.17E-05,3.60E-05,4.02E-05,4.44E-05,4.44E-05,4.44E-05,4.44E-05,4.44E-05,4.44E-05,4.44E-05,4.44E-05
ben,1A2c_Ind-Comb-Chemicals,heavy_oil,2.33E-05,2.33E-05,2.33E-05,2.33E-05,2.33E-05,2.75E-05,3.17E-05,3.60E-05,4.02E-05,4.44E-05,4.44E-05,4.44E-05,4.44E-05,4.44E-05,4.44E-05,4.44E-05,4.44E-05
ben,1A2d_Ind-Comb-Pulp-paper,heavy_oil,2.33E-05,2.33E-05,2.33E-05,2.33E-05,2.33E-05,2.75E-05,3.17E-05,3.60E-05,4.02E-05,4.44E-05,4.44E-05,4.44E-05,4.44E-05,4.44E-05,4.44E-05,4.44E-05,4.44E-05
ben,1A2e_Ind-Comb-Food-tobacco,heavy_oil,2.33E-05,2.33E-05,2.33E-05,2.33E-05,2.33E-05,2.75E-05,3.17E-05,3.60E-05,4.02E-05,4.44E-05,4.44E-05,4.44E-05,4.44E-05,4.44E-05,4.44E-05,4.44E-05,4.44E-05
ben,1A2f_Ind-Comb-Non-metalic-minerals,heavy_oil,2.33E-05,2.33E-05,2.33E-05,2.33E-05,2.33E-05,2.75E-05,3.17E-05,3.60E-05,4.02E-05,4.44E-05,4.44E-05,4.44E-05,4.44E-05,4.44E-05,4.44E-05,4.44E-05,4.44E-05
ben,1A2g_Ind-Comb-Construction,heavy_oil,2.33E-05,2.33E-05,2.33E-05,2.33E-05,2.33E-05,2.75E-05,3.17E-05,3.60E-05,4.02E-05,4.44E-05,4.44E-05,4.44E-05,4.44E-05,4.44E-05,4.44E-05,4.44E-05,4.44E-05
ben,1A2g_Ind-Comb-machinery,heavy_oil,2.33E-05,2.33E-05,2.33E-05,2.33E-05,2.33E-05,2.75E-05,3.17E-05,3.60E-05,4.02E-05,4.44E-05,4.44E-05,4.44E-05,4.44E-05,4.44E-05,4.44E-05,4.44E-05,4.44E-05
ben,1A2g_Ind-Comb-mining-quarying,heavy_oil,2.33E-05,2.33E-05,2.33E-05,2.33E-05,2.33E-05,2.75E-05,3.17E-05,3.60E-05,4.02E-05,4.44E-05,4.44E-05,4.44E-05,4.44E-05,4.44E-05,4.44E-05,4.44E-05,4.44E-05
ben,1A2g_Ind-Comb-other,heavy_oil,2.33E-05,2.33E-05,2.33E-05,2.33E-05,2.33E-05,2.75E-05,3.17E-05,3.60E-05,4.02E-05,4.44E-05,4.44E-05,4.44E-05,4.44E-05,4.44E-05,4.44E-05,4.44E-05,4.44E-05
ben,1A2g_Ind-Comb-textile-leather,heavy_oil,2.33E-05,2.33E-05,2.33E-05,2.33E-05,2.33E-05,2.75E-05,3.17E-05,3.60E-05,4.02E-05,4.44E-05,4.44E-05,4.44E-05,4.44E-05,4.44E-05,4.44E-05,4.44E-05,4.44E-05
ben,1A2g_Ind-Comb-transpequip,heavy_oil,2.33E-05,2.33E-05,2.33E-05,2.33E-05,2.33E-05,2.75E-05,3.17E-05,3.60E-05,4.02E-05,4.44E-05,4.44E-05,4.44E-05,4.44E-05,4.44E-05,4.44E-05,4.44E-05,4.44E-05
ben,1A2g_Ind-Comb-wood-products,heavy_oil,2.33E-05,2.33E-05,2.33E-05,2.33E-05,2.33E-05,2.75E-05,3.17E-05,3.60E-05,4.02E-05,4.44E-05,4.44E-05,4.44E-05,4.44E-05,4.44E-05,4.44E-05,4.44E-05,4.44E-05
bgd,1A1a_Electricity-autoproducer,hard_coal,8.75E-06,8.75E-06,8.75E-06,8.75E-06,8.75E-06,8.75E-06,8.75E-06,8.75E-06,8.75E-06,8.75E-06,8.75E-06,8.75E-06,8.75E-06,8.75E-06,8.75E-06,8.75E-06,8.75E-06
bgd,1A1a_Electricity-public,hard_coal,8.75E-06,8.75E-06,8.75E-06,8.75E-06,8.75E-06,8.75E-06,8.75E-06,8.75E-06,8.75E-06,8.75E-06,8.75E-06,8.75E-06,8.75E-06,8.75E-06,8.75E-06,8.75E-06,8.75E-06
bgd,1A1a_Heat-production,hard_coal,8.75E-06,8.75E-06,8.75E-06,8.75E-06,8.75E-06,8.75E-06,8.75E-06,8.75E-06,8.75E-06,8.75E-06,8.75E-06,8.75E-06,8.75E-06,8.75E-06,8.75E-06,8.75E-06,8.75E-06
bgr,1A2a_Ind-Comb-Iron-steel,coal_coke,9.46E-06,9.46E-06,9.46E-06,9.46E-06,9.46E-06,9.32E-06,9.18E-06,9.03E-06,8.89E-06,8.75E-06,8.75E-06,8.75E-06,8.75E-06,8.75E-06,8.75E-06,8.75E-06,8.75E-06
bgr,1A2b_Ind-Comb-Non-ferrous-metals,coal_coke,9.46E-06,9.46E-06,9.46E-06,9.46E-06,9.46E-06,9.32E-06,9.18E-06,9.03E-06,8.89E-06,8.75E-06,8.75E-06,8.75E-06,8.75E-06,8.75E-06,8.75E-06,8.75E-06,8.75E-06
bgr,1A2c_Ind-Comb-Chemicals,coal_coke,9.46E-06,9.46E-06,9.46E-06,9.46E-06,9.46E-06,9.32E-06,9.18E-06,9.03E-06,8.89E-06,8.75E-06,8.75E-06,8.75E-06,8.75E-06,8.75E-06,8.75E-06,8.75E-06,8.75E-06
bgr,1A2d_Ind-Comb-Pulp-paper,coal_coke,9.46E-06,9.46E-06,9.46E-06,9.46E-06,9.46E-06,9.32E-06,9.18E-06,9.03E-06,8.89E-06,8.75E-06,8.75E-06,8.75E-06,8.75E-06,8.75E-06,8.75E-06,8.75E-06,8.75E-06
bgr,1A2e_Ind-Comb-Food-tobacco,coal_coke,9.46E-06,9.46E-06,9.46E-06,9.46E-06,9.46E-06,9.32E-06,9.18E-06,9.03E-06,8.89E-06,8.75E-06,8.75E-06,8.75E-06,8.75E-06,8.75E-06,8.75E-06,8.75E-06,8.75E-06
bgr,1A2f_Ind-Comb-Non-metalic-minerals,coal_coke,9.46E-06,9.46E-06,9.46E-06,9.46E-06,9.46E-06,9.32E-06,9.18E-06,9.03E-06,8.89E-06,8.75E-06,8.75E-06,8.75E-06,8.75E-06,8.75E-06,8.75E-06,8.75E-06,8.75E-06
bgr,1A2g_Ind-Comb-Construction,coal_coke,9.46E-06,9.46E-06,9.46E-06,9.46E-06,9.46E-06,9.32E-06,9.18E-06,9.03E-06,8.89E-06,8.75E-06,8.75E-06,8.75E-06,8.75E-06,8.75E-06,8.75E-06,8.75E-06,8.75E-06
bgr,1A2g_Ind-Comb-machinery,coal_coke,9.46E-06,9.46E-06,9.46E-06,9.46E-06,9.46E-06,9.32E-06,9.18E-06,9.03E-06,8.89E-06,8.75E-06,8.75E-06,8.75E-06,8.75E-06,8.75E-06,8.75E-06,8.75E-06,8.75E-06
bgr,1A2g_Ind-Comb-mining-quarying,coal_coke,9.46E-06,9.46E-06,9.46E-06,9.46E-06,9.46E-06,9.32E-06,9.18E-06,9.03E-06,8.89E-06,8.75E-06,8.75E-06,8.75E-06,8.75E-06,8.75E-06,8.75E-06,8.75E-06,8.75E-06
bgr,1A2g_Ind-Comb-other,coal_coke,9.46E-06,9.46E-06,9.46E-06,9.46E-06,9.46E-06,9.32E-06,9.18E-06,9.03E-06,8.89E-06,8.75E-06,8.75E-06,8.75E-06,8.75E-06,8.75E-06,8.75E-06,8.75E-06,8.75E-06
bgr,1A2g_Ind-Comb-textile-leather,coal_coke,9.46E-06,9.46E-06,9.46E-06,9.46E-06,9.46E-06,9.32E-06,9.18E-06,9.03E-06,8.89E-06,8.75E-06,8.75E-06,8.75E-06,8.75E-06,8.75E-06,8.75E-06,8.75E-06,8.75E-06
bgr,1A2g_Ind-Comb-transpequip,coal_coke,9.46E-06,9.46E-06,9.46E-06,9.46E-06,9.46E-06,9.32E-06,9.18E-06,9.03E-06,8.89E-06,8.75E-06,8.75E-06,8.75E-06,8.75E-06,8.75E-06,8.75E-06,8.75E-06,8.75E-06
bgr,1A2g_Ind-Comb-wood-products,coal_coke,9.46E-06,9.46E-06,9.46E-06,9.46E-06,9.46E-06,9.32E-06,9.18E-06,9.03E-06,8.89E-06,8.75E-06,8.75E-06,8.75E-06,8.75E-06,8.75E-06,8.75E-06,8.75E-06,8.75E-06
bih,1A1bc_Other-transformation,hard_coal,0.000346284,0.000346284,0.000346284,0.000346284,0.000346284,0.000346358,0.000346433,0.000346507,0.000346581,0.000346656,0.000346656,0.000346656,0.000346656,0.000346656,0.000346656,0.000346656,0.000346656
bol,1A4b_Residential,heavy_oil,5.41E-05,5.41E-05,5.41E-05,5.41E-05,5.41E-05,5.39E-05,5.37E-05,5.35E-05,5.33E-05,5.31E-05,5.31E-05,5.31E-05,5.31E-05,5.31E-05,5.31E-05,5.31E-05,5.31E-05
che,1A4b_Residential,brown_coal,0.00274359,0.00274359,0.00274359,0.00274359,0.00274359,0.00274359,0.00274359,0.00274359,0.00274359,0.00274359,0.00274359,0.00274359,0.00274359,0.00274359,0.00274359,0.00274359,0.00274359
che,1A2a_Ind-Comb-Iron-steel,diesel_oil,0.000614108,0.000614108,0.000614108,0.000614108,0.000614108,0.000614264,0.000614419,0.000614575,0.000614731,0.000614887,0.000614887,0.000614887,0.000614887,0.000614887,0.000614887,0.000614887,0.000614887
che,1A2b_Ind-Comb-Non-ferrous-metals,diesel_oil,0.000614108,0.000614108,0.000614108,0.000614108,0.000614108,0.000614264,0.000614419,0.000614575,0.000614731,0.000614887,0.000614887,0.000614887,0.000614887,0.000614887,0.000614887,0.000614887,0.000614887
che,1A2c_Ind-Comb-Chemicals,diesel_oil,0.000614108,0.000614108,0.000614108,0.000614108,0.000614108,0.000614264,0.000614419,0.000614575,0.000614731,0.000614887,0.000614887,0.000614887,0.000614887,0.000614887,0.000614887,0.000614887,0.000614887
che,1A2d_Ind-Comb-Pulp-paper,diesel_oil,0.000614108,0.000614108,0.000614108,0.000614108,0.000614108,0.000614264,0.000614419,0.000614575,0.000614731,0.000614887,0.000614887,0.000614887,0.000614887,0.000614887,0.000614887,0.000614887,0.000614887
che,1A2e_Ind-Comb-Food-tobacco,diesel_oil,0.000614108,0.000614108,0.000614108,0.000614108,0.000614108,0.000614264,0.000614419,0.000614575,0.000614731,0.000614887,0.000614887,0.000614887,0.000614887,0.000614887,0.000614887,0.000614887,0.000614887
che,1A2f_Ind-Comb-Non-metalic-minerals,diesel_oil,0.000614108,0.000614108,0.000614108,0.000614108,0.000614108,0.000614264,0.000614419,0.000614575,0.000614731,0.000614887,0.000614887,0.000614887,0.000614887,0.000614887,0.000614887,0.000614887,0.000614887
che,1A2g_Ind-Comb-Construction,diesel_oil,0.000614108,0.000614108,0.000614108,0.000614108,0.000614108,0.000614264,0.000614419,0.000614575,0.000614731,0.000614887,0.000614887,0.000614887,0.000614887,0.000614887,0.000614887,0.000614887,0.000614887
che,1A2g_Ind-Comb-machinery,diesel_oil,0.000614108,0.000614108,0.000614108,0.000614108,0.000614108,0.000614264,0.000614419,0.000614575,0.000614731,0.000614887,0.000614887,0.000614887,0.000614887,0.000614887,0.000614887,0.000614887,0.000614887
che,1A2g_Ind-Comb-mining-quarying,diesel_oil,0.000614108,0.000614108,0.000614108,0.000614108,0.000614108,0.000614264,0.000614419,0.000614575,0.000614731,0.000614887,0.000614887,0.000614887,0.000614887,0.000614887,0.000614887,0.000614887,0.000614887
che,1A2g_Ind-Comb-other,diesel_oil,0.000614108,0.000614108,0.000614108,0.000614108,0.000614108,0.000614264,0.000614419,0.000614575,0.000614731,0.000614887,0.000614887,0.000614887,0.000614887,0.000614887,0.000614887,0.000614887,0.000614887
che,1A2g_Ind-Comb-textile-leather,diesel_oil,0.000614108,0.000614108,0.000614108,0.000614108,0.000614108,0.000614264,0.000614419,0.000614575,0.000614731,0.000614887,0.000614887,0.000614887,0.000614887,0.000614887,0.000614887,0.000614887,0.000614887
che,1A2g_Ind-Comb-transpequip,diesel_oil,0.000614108,0.000614108,0.000614108,0.000614108,0.000614108,0.000614264,0.000614419,0.000614575,0.000614731,0.000614887,0.000614887,0.000614887,0.000614887,0.000614887,0.000614887,0.000614887,0.000614887
che,1A2g_Ind-Comb-wood-products,diesel_oil,0.000614108,0.000614108,0.000614108,0.000614108,0.000614108,0.000614264,0.000614419,0.000614575,0.000614731,0.000614887,0.000614887,0.000614887,0.000614887,0.000614887,0.000614887,0.000614887,0.000614887
chl,1A1a_Electricity-autoproducer,diesel_oil,8.21E-07,8.21E-07,8.21E-07,8.21E-07,8.21E-07,8.21E-07,8.21E-07,8.21E-07,8.21E-07,8.21E-07,8.21E-07,8.21E-07,8.21E-07,8.21E-07,8.21E-07,8.21E-07,8.21E-07
chl,1A1a_Electricity-public,diesel_oil,8.21E-07,8.21E-07,8.21E-07,8.21E-07,8.21E-07,8.21E-07,8.21E-07,8.21E-07,8.21E-07,8.21E-07,8.21E-07,8.21E-07,8.21E-07,8.21E-07,8.21E-07,8.21E-07,8.21E-07
chl,1A1a_Heat-production,diesel_oil,8.21E-07,8.21E-07,8.21E-07,8.21E-07,8.21E-07,8.21E-07,8.21E-07,8.21E-07,8.21E-07,8.21E-07,8.21E-07,8.21E-07,8.21E-07,8.21E-07,8.21E-07,8.21E-07,8.21E-07
chn,1A2a_Ind-Comb-Iron-steel,coal_coke,8.14E-06,8.14E-06,8.14E-06,8.14E-06,8.14E-06,8.14E-06,8.14E-06,8.14E-06,8.14E-06,8.14E-06,8.14E-06,8.14E-06,8.14E-06,8.14E-06,8.14E-06,8.14E-06,8.14E-06
chn,1A2b_Ind-Comb-Non-ferrous-metals,coal_coke,8.14E-06,8.14E-06,8.14E-06,8.14E-06,8.14E-06,8.14E-06,8.14E-06,8.14E-06,8.14E-06,8.14E-06,8.14E-06,8.14E-06,8.14E-06,8.14E-06,8.14E-06,8.14E-06,8.14E-06
chn,1A2c_Ind-Comb-Chemicals,coal_coke,8.14E-06,8.14E-06,8.14E-06,8.14E-06,8.14E-06,8.14E-06,8.14E-06,8.14E-06,8.14E-06,8.14E-06,8.14E-06,8.14E-06,8.14E-06,8.14E-06,8.14E-06,8.14E-06,8.14E-06
chn,1A2d_Ind-Comb-Pulp-paper,coal_coke,8.14E-06,8.14E-06,8.14E-06,8.14E-06,8.14E-06,8.14E-06,8.14E-06,8.14E-06,8.14E-06,8.14E-06,8.14E-06,8.14E-06,8.14E-06,8.14E-06,8.14E-06,8.14E-06,8.14E-06
chn,1A2e_Ind-Comb-Food-tobacco,coal_coke,8.14E-06,8.14E-06,8.14E-06,8.14E-06,8.14E-06,8.14E-06,8.14E-06,8.14E-06,8.14E-06,8.14E-06,8.14E-06,8.14E-06,8.14E-06,8.14E-06,8.14E-06,8.14E-06,8.14E-06
chn,1A2f_Ind-Comb-Non-metalic-minerals,coal_coke,8.14E-06,8.14E-06,8.14E-06,8.14E-06,8.14E-06,8.14E-06,8.14E-06,8.14E-06,8.14E-06,8.14E-06,8.14E-06,8.14E-06,8.14E-06,8.14E-06,8.14E-06,8.14E-06,8.14E-06
chn,1A2g_Ind-Comb-Construction,coal_coke,8.14E-06,8.14E-06,8.14E-06,8.14E-06,8.14E-06,8.14E-06,8.14E-06,8.14E-06,8.14E-06,8.14E-06,8.14E-06,8.14E-06,8.14E-06,8.14E-06,8.14E-06,8.14E-06,8.14E-06
chn,1A2g_Ind-Comb-machinery,coal_coke,8.14E-06,8.14E-06,8.14E-06,8.14E-06,8.14E-06,8.14E-06,8.14E-06,8.14E-06,8.14E-06,8.14E-06,8.14E-06,8.14E-06,8.14E-06,8.14E-06,8.14E-06,8.14E-06,8.14E-06
chn,1A2g_Ind-Comb-mining-quarying,coal_coke,8.14E-06,8.14E-06,8.14E-06,8.14E-06,8.14E-06,8.14E-06,8.14E-06,8.14E-06,8.14E-06,8.14E-06,8.14E-06,8.14E-06,8.14E-06,8.14E-06,8.14E-06,8.14E-06,8.14E-06
chn,1A2g_Ind-Comb-other,coal_coke,8.14E-06,8.14E-06,8.14E-06,8.14E-06,8.14E-06,8.14E-06,8.14E-06,8.14E-06,8.14E-06,8.14E-06,8.14E-06,8.14E-06,8.14E-06,8.14E-06,8.14E-06,8.14E-06,8.14E-06
chn,1A2g_Ind-Comb-textile-leather,coal_coke,8.14E-06,8.14E-06,8.14E-06,8.14E-06,8.14E-06,8.14E-06,8.14E-06,8.14E-06,8.14E-06,8.14E-06,8.14E-06,8.14E-06,8.14E-06,8.14E-06,8.14E-06,8.14E-06,8.14E-06
chn,1A2g_Ind-Comb-transpequip,coal_coke,8.14E-06,8.14E-06,8.14E-06,8.14E-06,8.14E-06,8.14E-06,8.14E-06,8.14E-06,8.14E-06,8.14E-06,8.14E-06,8.14E-06,8.14E-06,8.14E-06,8.14E-06,8.14E-06,8.14E-06
chn,1A2g_Ind-Comb-wood-products,coal_coke,8.14E-06,8.14E-06,8.14E-06,8.14E-06,8.14E-06,8.14E-06,8.14E-06,8.14E-06,8.14E-06,8.14E-06,8.14E-06,8.14E-06,8.14E-06,8.14E-06,8.14E-06,8.14E-06,8.14E-06
civ,1A3c_Rail,heavy_oil,0.000583333,0.000583333,0.000583333,0.000583333,0.000583333,0.000586667,0.00059,0.000593333,0.000596667,6.00E-04,6.00E-04,6.00E-04,6.00E-04,6.00E-04,6.00E-04,6.00E-04,6.00E-04
cmr,1A2a_Ind-Comb-Iron-steel,diesel_oil,0.00075,0.00075,0.00075,0.00075,0.00075,0.00075,0.00075,0.00075,0.00075,0.00075,0.00075,0.00075,0.00075,0.00075,0.00075,0.00075,0.00075
cmr,1A2b_Ind-Comb-Non-ferrous-metals,diesel_oil,0.00075,0.00075,0.00075,0.00075,0.00075,0.00075,0.00075,0.00075,0.00075,0.00075,0.00075,0.00075,0.00075,0.00075,0.00075,0.00075,0.00075
cmr,1A2c_Ind-Comb-Chemicals,diesel_oil,0.00075,0.00075,0.00075,0.00075,0.00075,0.00075,0.00075,0.00075,0.00075,0.00075,0.00075,0.00075,0.00075,0.00075,0.00075,0.00075,0.00075
cmr,1A2d_Ind-Comb-Pulp-paper,diesel_oil,0.00075,0.00075,0.00075,0.00075,0.00075,0.00075,0.00075,0.00075,0.00075,0.00075,0.00075,0.00075,0.00075,0.00075,0.00075,0.00075,0.00075
cmr,1A2e_Ind-Comb-Food-tobacco,diesel_oil,0.00075,0.00075,0.00075,0.00075,0.00075,0.00075,0.00075,0.00075,0.00075,0.00075,0.00075,0.00075,0.00075,0.00075,0.00075,0.00075,0.00075
cmr,1A2f_Ind-Comb-Non-metalic-minerals,diesel_oil,0.00075,0.00075,0.00075,0.00075,0.00075,0.00075,0.00075,0.00075,0.00075,0.00075,0.00075,0.00075,0.00075,0.00075,0.00075,0.00075,0.00075
cmr,1A2g_Ind-Comb-Construction,diesel_oil,0.00075,0.00075,0.00075,0.00075,0.00075,0.00075,0.00075,0.00075,0.00075,0.00075,0.00075,0.00075,0.00075,0.00075,0.00075,0.00075,0.00075
cmr,1A2g_Ind-Comb-machinery,diesel_oil,0.00075,0.00075,0.00075,0.00075,0.00075,0.00075,0.00075,0.00075,0.00075,0.00075,0.00075,0.00075,0.00075,0.00075,0.00075,0.00075,0.00075
cmr,1A2g_Ind-Comb-mining-quarying,diesel_oil,0.00075,0.00075,0.00075,0.00075,0.00075,0.00075,0.00075,0.00075,0.00075,0.00075,0.00075,0.00075,0.00075,0.00075,0.00075,0.00075,0.00075
cmr,1A2g_Ind-Comb-other,diesel_oil,0.00075,0.00075,0.00075,0.00075,0.00075,0.00075,0.00075,0.00075,0.00075,0.00075,0.00075,0.00075,0.00075,0.00075,0.00075,0.00075,0.00075
cmr,1A2g_Ind-Comb-textile-leather,diesel_oil,0.00075,0.00075,0.00075,0.00075,0.00075,0.00075,0.00075,0.00075,0.00075,0.00075,0.00075,0.00075,0.00075,0.00075,0.00075,0.00075,0.00075
cmr,1A2g_Ind-Comb-transpequip,diesel_oil,0.00075,0.00075,0.00075,0.00075,0.00075,0.00075,0.00075,0.00075,0.00075,0.00075,0.00075,0.00075,0.00075,0.00075,0.00075,0.00075,0.00075
cmr,1A2g_Ind-Comb-wood-products,diesel_oil,0.00075,0.00075,0.00075,0.00075,0.00075,0.00075,0.00075,0.00075,0.00075,0.00075,0.00075,0.00075,0.00075,0.00075,0.00075,0.00075,0.00075
cmr,1A1a_Electricity-autoproducer,heavy_oil,3.13E-05,3.13E-05,3.13E-05,3.13E-05,3.13E-05,3.20E-05,3.28E-05,3.36E-05,3.43E-05,3.51E-05,3.51E-05,3.51E-05,3.51E-05,3.51E-05,3.51E-05,3.51E-05,3.51E-05
cmr,1A1a_Electricity-public,heavy_oil,3.13E-05,3.13E-05,3.13E-05,3.13E-05,3.13E-05,3.20E-05,3.28E-05,3.36E-05,3.43E-05,3.51E-05,3.51E-05,3.51E-05,3.51E-05,3.51E-05,3.51E-05,3.51E-05,3.51E-05
cmr,1A1a_Heat-production,heavy_oil,3.13E-05,3.13E-05,3.13E-05,3.13E-05,3.13E-05,3.20E-05,3.28E-05,3.36E-05,3.43E-05,3.51E-05,3.51E-05,3.51E-05,3.51E-05,3.51E-05,3.51E-05,3.51E-05,3.51E-05
cmr,1A2a_Ind-Comb-Iron-steel,light_oil,6.67E-05,6.67E-05,6.67E-05,6.67E-05,6.67E-05,6.67E-05,6.67E-05,6.67E-05,6.67E-05,6.67E-05,6.67E-05,6.67E-05,6.67E-05,6.67E-05,6.67E-05,6.67E-05,6.67E-05
cmr,1A2b_Ind-Comb-Non-ferrous-metals,light_oil,6.67E-05,6.67E-05,6.67E-05,6.67E-05,6.67E-05,6.67E-05,6.67E-05,6.67E-05,6.67E-05,6.67E-05,6.67E-05,6.67E-05,6.67E-05,6.67E-05,6.67E-05,6.67E-05,6.67E-05
cmr,1A2c_Ind-Comb-Chemicals,light_oil,6.67E-05,6.67E-05,6.67E-05,6.67E-05,6.67E-05,6.67E-05,6.67E-05,6.67E-05,6.67E-05,6.67E-05,6.67E-05,6.67E-05,6.67E-05,6.67E-05,6.67E-05,6.67E-05,6.67E-05
cmr,1A2d_Ind-Comb-Pulp-paper,light_oil,6.67E-05,6.67E-05,6.67E-05,6.67E-05,6.67E-05,6.67E-05,6.67E-05,6.67E-05,6.67E-05,6.67E-05,6.67E-05,6.67E-05,6.67E-05,6.67E-05,6.67E-05,6.67E-05,6.67E-05
cmr,1A2e_Ind-Comb-Food-tobacco,light_oil,6.67E-05,6.67E-05,6.67E-05,6.67E-05,6.67E-05,6.67E-05,6.67E-05,6.67E-05,6.67E-05,6.67E-05,6.67E-05,6.67E-05,6.67E-05,6.67E-05,6.67E-05,6.67E-05,6.67E-05
cmr,1A2f_Ind-Comb-Non-metalic-minerals,light_oil,6.67E-05,6.67E-05,6.67E-05,6.67E-05,6.67E-05,6.67E-05,6.67E-05,6.67E-05,6.67E-05,6.67E-05,6.67E-05,6.67E-05,6.67E-05,6.67E-05,6.67E-05,6.67E-05,6.67E-05
cmr,1A2g_Ind-Comb-Construction,light_oil,6.67E-05,6.67E-05,6.67E-05,6.67E-05,6.67E-05,6.67E-05,6.67E-05,6.67E-05,6.67E-05,6.67E-05,6.67E-05,6.67E-05,6.67E-05,6.67E-05,6.67E-05,6.67E-05,6.67E-05
cmr,1A2g_Ind-Comb-machinery,light_oil,6.67E-05,6.67E-05,6.67E-05,6.67E-05,6.67E-05,6.67E-05,6.67E-05,6.67E-05,6.67E-05,6.67E-05,6.67E-05,6.67E-05,6.67E-05,6.67E-05,6.67E-05,6.67E-05,6.67E-05
cmr,1A2g_Ind-Comb-mining-quarying,light_oil,6.67E-05,6.67E-05,6.67E-05,6.67E-05,6.67E-05,6.67E-05,6.67E-05,6.67E-05,6.67E-05,6.67E-05,6.67E-05,6.67E-05,6.67E-05,6.67E-05,6.67E-05,6.67E-05,6.67E-05
cmr,1A2g_Ind-Comb-other,light_oil,6.67E-05,6.67E-05,6.67E-05,6.67E-05,6.67E-05,6.67E-05,6.67E-05,6.67E-05,6.67E-05,6.67E-05,6.67E-05,6.67E-05,6.67E-05,6.67E-05,6.67E-05,6.67E-05,6.67E-05
cmr,1A2g_Ind-Comb-textile-leather,light_oil,6.67E-05,6.67E-05,6.67E-05,6.67E-05,6.67E-05,6.67E-05,6.67E-05,6.67E-05,6.67E-05,6.67E-05,6.67E-05,6.67E-05,6.67E-05,6.67E-05,6.67E-05,6.67E-05,6.67E-05
cmr,1A2g_Ind-Comb-transpequip,light_oil,6.67E-05,6.67E-05,6.67E-05,6.67E-05,6.67E-05,6.67E-05,6.67E-05,6.67E-05,6.67E-05,6.67E-05,6.67E-05,6.67E-05,6.67E-05,6.67E-05,6.67E-05,6.67E-05,6.67E-05
cmr,1A2g_Ind-Comb-wood-products,light_oil,6.67E-05,6.67E-05,6.67E-05,6.67E-05,6.67E-05,6.67E-05,6.67E-05,6.67E-05,6.67E-05,6.67E-05,6.67E-05,6.67E-05,6.67E-05,6.67E-05,6.67E-05,6.67E-05,6.67E-05
cyp,1A4b_Residential,diesel_oil,8.43E-05,8.43E-05,8.43E-05,8.43E-05,8.43E-05,8.58E-05,8.73E-05,8.88E-05,9.03E-05,9.18E-05,9.18E-05,9.18E-05,9.18E-05,9.18E-05,9.18E-05,9.18E-05,9.18E-05
dom,1A2a_Ind-Comb-Iron-steel,light_oil,8.33E-05,8.33E-05,8.33E-05,8.33E-05,8.33E-05,8.33E-05,8.33E-05,8.33E-05,8.33E-05,8.33E-05,8.33E-05,8.33E-05,8.33E-05,8.33E-05,8.33E-05,8.33E-05,8.33E-05
dom,1A2b_Ind-Comb-Non-ferrous-metals,light_oil,8.33E-05,8.33E-05,8.33E-05,8.33E-05,8.33E-05,8.33E-05,8.33E-05,8.33E-05,8.33E-05,8.33E-05,8.33E-05,8.33E-05,8.33E-05,8.33E-05,8.33E-05,8.33E-05,8.33E-05
dom,1A2c_Ind-Comb-Chemicals,light_oil,8.33E-05,8.33E-05,8.33E-05,8.33E-05,8.33E-05,8.33E-05,8.33E-05,8.33E-05,8.33E-05,8.33E-05,8.33E-05,8.33E-05,8.33E-05,8.33E-05,8.33E-05,8.33E-05,8.33E-05
dom,1A2d_Ind-Comb-Pulp-paper,light_oil,8.33E-05,8.33E-05,8.33E-05,8.33E-05,8.33E-05,8.33E-05,8.33E-05,8.33E-05,8.33E-05,8.33E-05,8.33E-05,8.33E-05,8.33E-05,8.33E-05,8.33E-05,8.33E-05,8.33E-05
dom,1A2e_Ind-Comb-Food-tobacco,light_oil,8.33E-05,8.33E-05,8.33E-05,8.33E-05,8.33E-05,8.33E-05,8.33E-05,8.33E-05,8.33E-05,8.33E-05,8.33E-05,8.33E-05,8.33E-05,8.33E-05,8.33E-05,8.33E-05,8.33E-05
dom,1A2f_Ind-Comb-Non-metalic-minerals,light_oil,8.33E-05,8.33E-05,8.33E-05,8.33E-05,8.33E-05,8.33E-05,8.33E-05,8.33E-05,8.33E-05,8.33E-05,8.33E-05,8.33E-05,8.33E-05,8.33E-05,8.33E-05,8.33E-05,8.33E-05
dom,1A2g_Ind-Comb-Construction,light_oil,8.33E-05,8.33E-05,8.33E-05,8.33E-05,8.33E-05,8.33E-05,8.33E-05,8.33E-05,8.33E-05,8.33E-05,8.33E-05,8.33E-05,8.33E-05,8.33E-05,8.33E-05,8.33E-05,8.33E-05
dom,1A2g_Ind-Comb-machinery,light_oil,8.33E-05,8.33E-05,8.33E-05,8.33E-05,8.33E-05,8.33E-05,8.33E-05,8.33E-05,8.33E-05,8.33E-05,8.33E-05,8.33E-05,8.33E-05,8.33E-05,8.33E-05,8.33E-05,8.33E-05
dom,1A2g_Ind-Comb-mining-quarying,light_oil,8.33E-05,8.33E-05,8.33E-05,8.33E-05,8.33E-05,8.33E-05,8.33E-05,8.33E-05,8.33E-05,8.33E-05,8.33E-05,8.33E-05,8.33E-05,8.33E-05,8.33E-05,8.33E-05,8.33E-05
dom,1A2g_Ind-Comb-other,light_oil,8.33E-05,8.33E-05,8.33E-05,8.33E-05,8.33E-05,8.33E-05,8.33E-05,8.33E-05,8.33E-05,8.33E-05,8.33E-05,8.33E-05,8.33E-05,8.33E-05,8.33E-05,8.33E-05,8.33E-05
dom,1A2g_Ind-Comb-textile-leather,light_oil,8.33E-05,8.33E-05,8.33E-05,8.33E-05,8.33E-05,8.33E-05,8.33E-05,8.33E-05,8.33E-05,8.33E-05,8.33E-05,8.33E-05,8.33E-05,8.33E-05,8.33E-05,8.33E-05,8.33E-05
dom,1A2g_Ind-Comb-transpequip,light_oil,8.33E-05,8.33E-05,8.33E-05,8.33E-05,8.33E-05,8.33E-05,8.33E-05,8.33E-05,8.33E-05,8.33E-05,8.33E-05,8.33E-05,8.33E-05,8.33E-05,8.33E-05,8.33E-05,8.33E-05
dom,1A2g_Ind-Comb-wood-products,light_oil,8.33E-05,8.33E-05,8.33E-05,8.33E-05,8.33E-05,8.33E-05,8.33E-05,8.33E-05,8.33E-05,8.33E-05,8.33E-05,8.33E-05,8.33E-05,8.33E-05,8.33E-05,8.33E-05,8.33E-05
ecu,1A1a_Electricity-autoproducer,diesel_oil,1.14E-06,1.14E-06,1.14E-06,1.14E-06,1.14E-06,1.14E-06,1.14E-06,1.14E-06,1.14E-06,1.14E-06,1.14E-06,1.14E-06,1.14E-06,1.14E-06,1.14E-06,1.14E-06,1.14E-06
ecu,1A1a_Electricity-public,diesel_oil,1.14E-06,1.14E-06,1.14E-06,1.14E-06,1.14E-06,1.14E-06,1.14E-06,1.14E-06,1.14E-06,1.14E-06,1.14E-06,1.14E-06,1.14E-06,1.14E-06,1.14E-06,1.14E-06,1.14E-06
ecu,1A1a_Heat-production,diesel_oil,1.14E-06,1.14E-06,1.14E-06,1.14E-06,1.14E-06,1.14E-06,1.14E-06,1.14E-06,1.14E-06,1.14E-06,1.14E-06,1.14E-06,1.14E-06,1.14E-06,1.14E-06,1.14E-06,1.14E-06
egy,1A4b_Residential,heavy_oil,5.77E-05,5.77E-05,5.77E-05,5.77E-05,5.77E-05,5.77E-05,5.77E-05,5.77E-05,5.77E-05,5.77E-05,5.77E-05,5.77E-05,5.77E-05,5.77E-05,5.77E-05,5.77E-05,5.77E-05
esp,1A1a_Electricity-autoproducer,diesel_oil,8.85E-07,8.85E-07,8.85E-07,8.85E-07,8.85E-07,8.85E-07,8.85E-07,8.85E-07,8.85E-07,8.85E-07,8.85E-07,8.85E-07,8.85E-07,8.85E-07,8.85E-07,8.85E-07,8.85E-07
esp,1A1a_Electricity-public,diesel_oil,8.85E-07,8.85E-07,8.85E-07,8.85E-07,8.85E-07,8.85E-07,8.85E-07,8.85E-07,8.85E-07,8.85E-07,8.85E-07,8.85E-07,8.85E-07,8.85E-07,8.85E-07,8.85E-07,8.85E-07
esp,1A1a_Heat-production,diesel_oil,8.85E-07,8.85E-07,8.85E-07,8.85E-07,8.85E-07,8.85E-07,8.85E-07,8.85E-07,8.85E-07,8.85E-07,8.85E-07,8.85E-07,8.85E-07,8.85E-07,8.85E-07,8.85E-07,8.85E-07
est,1A3dii_Domestic-navigation,diesel_oil,0.000375,0.000375,0.000375,0.000375,0.000375,0.000375,0.000375,0.000375,0.000375,0.000375,0.000375,0.000375,0.000375,0.000375,0.000375,0.000375,0.000375
gab,1A2a_Ind-Comb-Iron-steel,light_oil,7.69E-05,7.69E-05,7.69E-05,7.69E-05,7.69E-05,7.69E-05,7.69E-05,7.69E-05,7.69E-05,7.69E-05,7.69E-05,7.69E-05,7.69E-05,7.69E-05,7.69E-05,7.69E-05,7.69E-05
gab,1A2b_Ind-Comb-Non-ferrous-metals,light_oil,7.69E-05,7.69E-05,7.69E-05,7.69E-05,7.69E-05,7.69E-05,7.69E-05,7.69E-05,7.69E-05,7.69E-05,7.69E-05,7.69E-05,7.69E-05,7.69E-05,7.69E-05,7.69E-05,7.69E-05
gab,1A2c_Ind-Comb-Chemicals,light_oil,7.69E-05,7.69E-05,7.69E-05,7.69E-05,7.69E-05,7.69E-05,7.69E-05,7.69E-05,7.69E-05,7.69E-05,7.69E-05,7.69E-05,7.69E-05,7.69E-05,7.69E-05,7.69E-05,7.69E-05
gab,1A2d_Ind-Comb-Pulp-paper,light_oil,7.69E-05,7.69E-05,7.69E-05,7.69E-05,7.69E-05,7.69E-05,7.69E-05,7.69E-05,7.69E-05,7.69E-05,7.69E-05,7.69E-05,7.69E-05,7.69E-05,7.69E-05,7.69E-05,7.69E-05
gab,1A2e_Ind-Comb-Food-tobacco,light_oil,7.69E-05,7.69E-05,7.69E-05,7.69E-05,7.69E-05,7.69E-05,7.69E-05,7.69E-05,7.69E-05,7.69E-05,7.69E-05,7.69E-05,7.69E-05,7.69E-05,7.69E-05,7.69E-05,7.69E-05
gab,1A2f_Ind-Comb-Non-metalic-minerals,light_oil,7.69E-05,7.69E-05,7.69E-05,7.69E-05,7.69E-05,7.69E-05,7.69E-05,7.69E-05,7.69E-05,7.69E-05,7.69E-05,7.69E-05,7.69E-05,7.69E-05,7.69E-05,7.69E-05,7.69E-05
gab,1A2g_Ind-Comb-Construction,light_oil,7.69E-05,7.69E-05,7.69E-05,7.69E-05,7.69E-05,7.69E-05,7.69E-05,7.69E-05,7.69E-05,7.69E-05,7.69E-05,7.69E-05,7.69E-05,7.69E-05,7.69E-05,7.69E-05,7.69E-05
gab,1A2g_Ind-Comb-machinery,light_oil,7.69E-05,7.69E-05,7.69E-05,7.69E-05,7.69E-05,7.69E-05,7.69E-05,7.69E-05,7.69E-05,7.69E-05,7.69E-05,7.69E-05,7.69E-05,7.69E-05,7.69E-05,7.69E-05,7.69E-05
gab,1A2g_Ind-Comb-mining-quarying,light_oil,7.69E-05,7.69E-05,7.69E-05,7.69E-05,7.69E-05,7.69E-05,7.69E-05,7.69E-05,7.69E-05,7.69E-05,7.69E-05,7.69E-05,7.69E-05,7.69E-05,7.69E-05,7.69E-05,7.69E-05
gab,1A2g_Ind-Comb-other,light_oil,7.69E-05,7.69E-05,7.69E-05,7.69E-05,7.69E-05,7.69E-05,7.69E-05,7.69E-05,7.69E-05,7.69E-05,7.69E-05,7.69E-05,7.69E-05,7.69E-05,7.69E-05,7.69E-05,7.69E-05
gab,1A2g_Ind-Comb-textile-leather,light_oil,7.69E-05,7.69E-05,7.69E-05,7.69E-05,7.69E-05,7.69E-05,7.69E-05,7.69E-05,7.69E-05,7.69E-05,7.69E-05,7.69E-05,7.69E-05,7.69E-05,7.69E-05,7.69E-05,7.69E-05
gab,1A2g_Ind-Comb-transpequip,light_oil,7.69E-05,7.69E-05,7.69E-05,7.69E-05,7.69E-05,7.69E-05,7.69E-05,7.69E-05,7.69E-05,7.69E-05,7.69E-05,7.69E-05,7.69E-05,7.69E-05,7.69E-05,7.69E-05,7.69E-05
gab,1A2g_Ind-Comb-wood-products,light_oil,7.69E-05,7.69E-05,7.69E-05,7.69E-05,7.69E-05,7.69E-05,7.69E-05,7.69E-05,7.69E-05,7.69E-05,7.69E-05,7.69E-05,7.69E-05,7.69E-05,7.69E-05,7.69E-05,7.69E-05
geo,1A3eii_Other-transp,hard_coal,0.000222222,0.000222222,0.000222222,0.000222222,0.000222222,0.000222222,0.000222222,0.000222222,0.000222222,0.000222222,0.000222222,0.000222222,0.000222222,0.000222222,0.000222222,0.000222222,0.000222222
gtm,1A2a_Ind-Comb-Iron-steel,coal_coke,1.01E-05,1.01E-05,1.01E-05,1.01E-05,1.01E-05,9.22E-06,8.33E-06,7.45E-06,6.57E-06,5.68E-06,5.68E-06,5.68E-06,5.68E-06,5.68E-06,5.68E-06,5.68E-06,5.68E-06
gtm,1A2b_Ind-Comb-Non-ferrous-metals,coal_coke,1.01E-05,1.01E-05,1.01E-05,1.01E-05,1.01E-05,9.22E-06,8.33E-06,7.45E-06,6.57E-06,5.68E-06,5.68E-06,5.68E-06,5.68E-06,5.68E-06,5.68E-06,5.68E-06,5.68E-06
gtm,1A2c_Ind-Comb-Chemicals,coal_coke,1.01E-05,1.01E-05,1.01E-05,1.01E-05,1.01E-05,9.22E-06,8.33E-06,7.45E-06,6.57E-06,5.68E-06,5.68E-06,5.68E-06,5.68E-06,5.68E-06,5.68E-06,5.68E-06,5.68E-06
gtm,1A2d_Ind-Comb-Pulp-paper,coal_coke,1.01E-05,1.01E-05,1.01E-05,1.01E-05,1.01E-05,9.22E-06,8.33E-06,7.45E-06,6.57E-06,5.68E-06,5.68E-06,5.68E-06,5.68E-06,5.68E-06,5.68E-06,5.68E-06,5.68E-06
gtm,1A2e_Ind-Comb-Food-tobacco,coal_coke,1.01E-05,1.01E-05,1.01E-05,1.01E-05,1.01E-05,9.22E-06,8.33E-06,7.45E-06,6.57E-06,5.68E-06,5.68E-06,5.68E-06,5.68E-06,5.68E-06,5.68E-06,5.68E-06,5.68E-06
gtm,1A2f_Ind-Comb-Non-metalic-minerals,coal_coke,1.01E-05,1.01E-05,1.01E-05,1.01E-05,1.01E-05,9.22E-06,8.33E-06,7.45E-06,6.57E-06,5.68E-06,5.68E-06,5.68E-06,5.68E-06,5.68E-06,5.68E-06,5.68E-06,5.68E-06
gtm,1A2g_Ind-Comb-Construction,coal_coke,1.01E-05,1.01E-05,1.01E-05,1.01E-05,1.01E-05,9.22E-06,8.33E-06,7.45E-06,6.57E-06,5.68E-06,5.68E-06,5.68E-06,5.68E-06,5.68E-06,5.68E-06,5.68E-06,5.68E-06
gtm,1A2g_Ind-Comb-machinery,coal_coke,1.01E-05,1.01E-05,1.01E-05,1.01E-05,1.01E-05,9.22E-06,8.33E-06,7.45E-06,6.57E-06,5.68E-06,5.68E-06,5.68E-06,5.68E-06,5.68E-06,5.68E-06,5.68E-06,5.68E-06
gtm,1A2g_Ind-Comb-mining-quarying,coal_coke,1.01E-05,1.01E-05,1.01E-05,1.01E-05,1.01E-05,9.22E-06,8.33E-06,7.45E-06,6.57E-06,5.68E-06,5.68E-06,5.68E-06,5.68E-06,5.68E-06,5.68E-06,5.68E-06,5.68E-06
gtm,1A2g_Ind-Comb-other,coal_coke,1.01E-05,1.01E-05,1.01E-05,1.01E-05,1.01E-05,9.22E-06,8.33E-06,7.45E-06,6.57E-06,5.68E-06,5.68E-06,5.68E-06,5.68E-06,5.68E-06,5.68E-06,5.68E-06,5.68E-06
gtm,1A2g_Ind-Comb-textile-leather,coal_coke,1.01E-05,1.01E-05,1.01E-05,1.01E-05,1.01E-05,9.22E-06,8.33E-06,7.45E-06,6.57E-06,5.68E-06,5.68E-06,5.68E-06,5.68E-06,5.68E-06,5.68E-06,5.68E-06,5.68E-06
gtm,1A2g_Ind-Comb-transpequip,coal_coke,1.01E-05,1.01E-05,1.01E-05,1.01E-05,1.01E-05,9.22E-06,8.33E-06,7.45E-06,6.57E-06,5.68E-06,5.68E-06,5.68E-06,5.68E-06,5.68E-06,5.68E-06,5.68E-06,5.68E-06
gtm,1A2g_Ind-Comb-wood-products,coal_coke,1.01E-05,1.01E-05,1.01E-05,1.01E-05,1.01E-05,9.22E-06,8.33E-06,7.45E-06,6.57E-06,5.68E-06,5.68E-06,5.68E-06,5.68E-06,5.68E-06,5.68E-06,5.68E-06,5.68E-06
gtm,1A2a_Ind-Comb-Iron-steel,light_oil,4.17E-05,4.17E-05,4.17E-05,4.17E-05,4.17E-05,4.17E-05,4.17E-05,4.17E-05,4.17E-05,4.17E-05,4.17E-05,4.17E-05,4.17E-05,4.17E-05,4.17E-05,4.17E-05,4.17E-05
gtm,1A2b_Ind-Comb-Non-ferrous-metals,light_oil,4.17E-05,4.17E-05,4.17E-05,4.17E-05,4.17E-05,4.17E-05,4.17E-05,4.17E-05,4.17E-05,4.17E-05,4.17E-05,4.17E-05,4.17E-05,4.17E-05,4.17E-05,4.17E-05,4.17E-05
gtm,1A2c_Ind-Comb-Chemicals,light_oil,4.17E-05,4.17E-05,4.17E-05,4.17E-05,4.17E-05,4.17E-05,4.17E-05,4.17E-05,4.17E-05,4.17E-05,4.17E-05,4.17E-05,4.17E-05,4.17E-05,4.17E-05,4.17E-05,4.17E-05
gtm,1A2d_Ind-Comb-Pulp-paper,light_oil,4.17E-05,4.17E-05,4.17E-05,4.17E-05,4.17E-05,4.17E-05,4.17E-05,4.17E-05,4.17E-05,4.17E-05,4.17E-05,4.17E-05,4.17E-05,4.17E-05,4.17E-05,4.17E-05,4.17E-05
gtm,1A2e_Ind-Comb-Food-tobacco,light_oil,4.17E-05,4.17E-05,4.17E-05,4.17E-05,4.17E-05,4.17E-05,4.17E-05,4.17E-05,4.17E-05,4.17E-05,4.17E-05,4.17E-05,4.17E-05,4.17E-05,4.17E-05,4.17E-05,4.17E-05
gtm,1A2f_Ind-Comb-Non-metalic-minerals,light_oil,4.17E-05,4.17E-05,4.17E-05,4.17E-05,4.17E-05,4.17E-05,4.17E-05,4.17E-05,4.17E-05,4.17E-05,4.17E-05,4.17E-05,4.17E-05,4.17E-05,4.17E-05,4.17E-05,4.17E-05
gtm,1A2g_Ind-Comb-Construction,light_oil,4.17E-05,4.17E-05,4.17E-05,4.17E-05,4.17E-05,4.17E-05,4.17E-05,4.17E-05,4.17E-05,4.17E-05,4.17E-05,4.17E-05,4.17E-05,4.17E-05,4.17E-05,4.17E-05,4.17E-05
gtm,1A2g_Ind-Comb-machinery,light_oil,4.17E-05,4.17E-05,4.17E-05,4.17E-05,4.17E-05,4.17E-05,4.17E-05,4.17E-05,4.17E-05,4.17E-05,4.17E-05,4.17E-05,4.17E-05,4.17E-05,4.17E-05,4.17E-05,4.17E-05
gtm,1A2g_Ind-Comb-mining-quarying,light_oil,4.17E-05,4.17E-05,4.17E-05,4.17E-05,4.17E-05,4.17E-05,4.17E-05,4.17E-05,4.17E-05,4.17E-05,4.17E-05,4.17E-05,4.17E-05,4.17E-05,4.17E-05,4.17E-05,4.17E-05
gtm,1A2g_Ind-Comb-other,light_oil,4.17E-05,4.17E-05,4.17E-05,4.17E-05,4.17E-05,4.17E-05,4.17E-05,4.17E-05,4.17E-05,4.17E-05,4.17E-05,4.17E-05,4.17E-05,4.17E-05,4.17E-05,4.17E-05,4.17E-05
gtm,1A2g_Ind-Comb-textile-leather,light_oil,4.17E-05,4.17E-05,4.17E-05,4.17E-05,4.17E-05,4.17E-05,4.17E-05,4.17E-05,4.17E-05,4.17E-05,4.17E-05,4.17E-05,4.17E-05,4.17E-05,4.17E-05,4.17E-05,4.17E-05
gtm,1A2g_Ind-Comb-transpequip,light_oil,4.17E-05,4.17E-05,4.17E-05,4.17E-05,4.17E-05,4.17E-05,4.17E-05,4.17E-05,4.17E-05,4.17E-05,4.17E-05,4.17E-05,4.17E-05,4.17E-05,4.17E-05,4.17E-05,4.17E-05
gtm,1A2g_Ind-Comb-wood-products,light_oil,4.17E-05,4.17E-05,4.17E-05,4.17E-05,4.17E-05,4.17E-05,4.17E-05,4.17E-05,4.17E-05,4.17E-05,4.17E-05,4.17E-05,4.17E-05,4.17E-05,4.17E-05,4.17E-05,4.17E-05
hkg,1A2a_Ind-Comb-Iron-steel,hard_coal,0.000231567,0.000231567,0.000231567,0.000231567,0.000231567,0.00023164,0.000231713,0.000231786,0.000231859,0.000231932,0.000231932,0.000231932,0.000231932,0.000231932,0.000231932,0.000231932,0.000231932
hkg,1A2b_Ind-Comb-Non-ferrous-metals,hard_coal,0.000231567,0.000231567,0.000231567,0.000231567,0.000231567,0.00023164,0.000231713,0.000231786,0.000231859,0.000231932,0.000231932,0.000231932,0.000231932,0.000231932,0.000231932,0.000231932,0.000231932
hkg,1A2c_Ind-Comb-Chemicals,hard_coal,0.000231567,0.000231567,0.000231567,0.000231567,0.000231567,0.00023164,0.000231713,0.000231786,0.000231859,0.000231932,0.000231932,0.000231932,0.000231932,0.000231932,0.000231932,0.000231932,0.000231932
hkg,1A2d_Ind-Comb-Pulp-paper,hard_coal,0.000231567,0.000231567,0.000231567,0.000231567,0.000231567,0.00023164,0.000231713,0.000231786,0.000231859,0.000231932,0.000231932,0.000231932,0.000231932,0.000231932,0.000231932,0.000231932,0.000231932
hkg,1A2e_Ind-Comb-Food-tobacco,hard_coal,0.000231567,0.000231567,0.000231567,0.000231567,0.000231567,0.00023164,0.000231713,0.000231786,0.000231859,0.000231932,0.000231932,0.000231932,0.000231932,0.000231932,0.000231932,0.000231932,0.000231932
hkg,1A2f_Ind-Comb-Non-metalic-minerals,hard_coal,0.000231567,0.000231567,0.000231567,0.000231567,0.000231567,0.00023164,0.000231713,0.000231786,0.000231859,0.000231932,0.000231932,0.000231932,0.000231932,0.000231932,0.000231932,0.000231932,0.000231932
hkg,1A2g_Ind-Comb-Construction,hard_coal,0.000231567,0.000231567,0.000231567,0.000231567,0.000231567,0.00023164,0.000231713,0.000231786,0.000231859,0.000231932,0.000231932,0.000231932,0.000231932,0.000231932,0.000231932,0.000231932,0.000231932
hkg,1A2g_Ind-Comb-machinery,hard_coal,0.000231567,0.000231567,0.000231567,0.000231567,0.000231567,0.00023164,0.000231713,0.000231786,0.000231859,0.000231932,0.000231932,0.000231932,0.000231932,0.000231932,0.000231932,0.000231932,0.000231932
hkg,1A2g_Ind-Comb-mining-quarying,hard_coal,0.000231567,0.000231567,0.000231567,0.000231567,0.000231567,0.00023164,0.000231713,0.000231786,0.000231859,0.000231932,0.000231932,0.000231932,0.000231932,0.000231932,0.000231932,0.000231932,0.000231932
hkg,1A2g_Ind-Comb-other,hard_coal,0.000231567,0.000231567,0.000231567,0.000231567,0.000231567,0.00023164,0.000231713,0.000231786,0.000231859,0.000231932,0.000231932,0.000231932,0.000231932,0.000231932,0.000231932,0.000231932,0.000231932
hkg,1A2g_Ind-Comb-textile-leather,hard_coal,0.000231567,0.000231567,0.000231567,0.000231567,0.000231567,0.00023164,0.000231713,0.000231786,0.000231859,0.000231932,0.000231932,0.000231932,0.000231932,0.000231932,0.000231932,0.000231932,0.000231932
hkg,1A2g_Ind-Comb-transpequip,hard_coal,0.000231567,0.000231567,0.000231567,0.000231567,0.000231567,0.00023164,0.000231713,0.000231786,0.000231859,0.000231932,0.000231932,0.000231932,0.000231932,0.000231932,0.000231932,0.000231932,0.000231932
hkg,1A2g_Ind-Comb-wood-products,hard_coal,0.000231567,0.000231567,0.000231567,0.000231567,0.000231567,0.00023164,0.000231713,0.000231786,0.000231859,0.000231932,0.000231932,0.000231932,0.000231932,0.000231932,0.000231932,0.000231932,0.000231932
hnd,1A2a_Ind-Comb-Iron-steel,light_oil,3.03E-05,3.03E-05,3.03E-05,3.03E-05,3.03E-05,3.03E-05,3.03E-05,3.03E-05,3.03E-05,3.03E-05,3.03E-05,3.03E-05,3.03E-05,3.03E-05,3.03E-05,3.03E-05,3.03E-05
hnd,1A2b_Ind-Comb-Non-ferrous-metals,light_oil,3.03E-05,3.03E-05,3.03E-05,3.03E-05,3.03E-05,3.03E-05,3.03E-05,3.03E-05,3.03E-05,3.03E-05,3.03E-05,3.03E-05,3.03E-05,3.03E-05,3.03E-05,3.03E-05,3.03E-05
hnd,1A2c_Ind-Comb-Chemicals,light_oil,3.03E-05,3.03E-05,3.03E-05,3.03E-05,3.03E-05,3.03E-05,3.03E-05,3.03E-05,3.03E-05,3.03E-05,3.03E-05,3.03E-05,3.03E-05,3.03E-05,3.03E-05,3.03E-05,3.03E-05
hnd,1A2d_Ind-Comb-Pulp-paper,light_oil,3.03E-05,3.03E-05,3.03E-05,3.03E-05,3.03E-05,3.03E-05,3.03E-05,3.03E-05,3.03E-05,3.03E-05,3.03E-05,3.03E-05,3.03E-05,3.03E-05,3.03E-05,3.03E-05,3.03E-05
hnd,1A2e_Ind-Comb-Food-tobacco,light_oil,3.03E-05,3.03E-05,3.03E-05,3.03E-05,3.03E-05,3.03E-05,3.03E-05,3.03E-05,3.03E-05,3.03E-05,3.03E-05,3.03E-05,3.03E-05,3.03E-05,3.03E-05,3.03E-05,3.03E-05
hnd,1A2f_Ind-Comb-Non-metalic-minerals,light_oil,3.03E-05,3.03E-05,3.03E-05,3.03E-05,3.03E-05,3.03E-05,3.03E-05,3.03E-05,3.03E-05,3.03E-05,3.03E-05,3.03E-05,3.03E-05,3.03E-05,3.03E-05,3.03E-05,3.03E-05
hnd,1A2g_Ind-Comb-Construction,light_oil,3.03E-05,3.03E-05,3.03E-05,3.03E-05,3.03E-05,3.03E-05,3.03E-05,3.03E-05,3.03E-05,3.03E-05,3.03E-05,3.03E-05,3.03E-05,3.03E-05,3.03E-05,3.03E-05,3.03E-05
hnd,1A2g_Ind-Comb-machinery,light_oil,3.03E-05,3.03E-05,3.03E-05,3.03E-05,3.03E-05,3.03E-05,3.03E-05,3.03E-05,3.03E-05,3.03E-05,3.03E-05,3.03E-05,3.03E-05,3.03E-05,3.03E-05,3.03E-05,3.03E-05
hnd,1A2g_Ind-Comb-mining-quarying,light_oil,3.03E-05,3.03E-05,3.03E-05,3.03E-05,3.03E-05,3.03E-05,3.03E-05,3.03E-05,3.03E-05,3.03E-05,3.03E-05,3.03E-05,3.03E-05,3.03E-05,3.03E-05,3.03E-05,3.03E-05
hnd,1A2g_Ind-Comb-other,light_oil,3.03E-05,3.03E-05,3.03E-05,3.03E-05,3.03E-05,3.03E-05,3.03E-05,3.03E-05,3.03E-05,3.03E-05,3.03E-05,3.03E-05,3.03E-05,3.03E-05,3.03E-05,3.03E-05,3.03E-05
hnd,1A2g_Ind-Comb-textile-leather,light_oil,3.03E-05,3.03E-05,3.03E-05,3.03E-05,3.03E-05,3.03E-05,3.03E-05,3.03E-05,3.03E-05,3.03E-05,3.03E-05,3.03E-05,3.03E-05,3.03E-05,3.03E-05,3.03E-05,3.03E-05
hnd,1A2g_Ind-Comb-transpequip,light_oil,3.03E-05,3.03E-05,3.03E-05,3.03E-05,3.03E-05,3.03E-05,3.03E-05,3.03E-05,3.03E-05,3.03E-05,3.03E-05,3.03E-05,3.03E-05,3.03E-05,3.03E-05,3.03E-05,3.03E-05
hnd,1A2g_Ind-Comb-wood-products,light_oil,3.03E-05,3.03E-05,3.03E-05,3.03E-05,3.03E-05,3.03E-05,3.03E-05,3.03E-05,3.03E-05,3.03E-05,3.03E-05,3.03E-05,3.03E-05,3.03E-05,3.03E-05,3.03E-05,3.03E-05
hrv,1A2a_Ind-Comb-Iron-steel,coal_coke,8.23E-06,8.23E-06,8.23E-06,8.23E-06,8.23E-06,7.75E-06,7.26E-06,6.78E-06,6.30E-06,5.81E-06,5.81E-06,5.81E-06,5.81E-06,5.81E-06,5.81E-06,5.81E-06,5.81E-06
hrv,1A2b_Ind-Comb-Non-ferrous-metals,coal_coke,8.23E-06,8.23E-06,8.23E-06,8.23E-06,8.23E-06,7.75E-06,7.26E-06,6.78E-06,6.30E-06,5.81E-06,5.81E-06,5.81E-06,5.81E-06,5.81E-06,5.81E-06,5.81E-06,5.81E-06
hrv,1A2c_Ind-Comb-Chemicals,coal_coke,8.23E-06,8.23E-06,8.23E-06,8.23E-06,8.23E-06,7.75E-06,7.26E-06,6.78E-06,6.30E-06,5.81E-06,5.81E-06,5.81E-06,5.81E-06,5.81E-06,5.81E-06,5.81E-06,5.81E-06
hrv,1A2d_Ind-Comb-Pulp-paper,coal_coke,8.23E-06,8.23E-06,8.23E-06,8.23E-06,8.23E-06,7.75E-06,7.26E-06,6.78E-06,6.30E-06,5.81E-06,5.81E-06,5.81E-06,5.81E-06,5.81E-06,5.81E-06,5.81E-06,5.81E-06
hrv,1A2e_Ind-Comb-Food-tobacco,coal_coke,8.23E-06,8.23E-06,8.23E-06,8.23E-06,8.23E-06,7.75E-06,7.26E-06,6.78E-06,6.30E-06,5.81E-06,5.81E-06,5.81E-06,5.81E-06,5.81E-06,5.81E-06,5.81E-06,5.81E-06
hrv,1A2f_Ind-Comb-Non-metalic-minerals,coal_coke,8.23E-06,8.23E-06,8.23E-06,8.23E-06,8.23E-06,7.75E-06,7.26E-06,6.78E-06,6.30E-06,5.81E-06,5.81E-06,5.81E-06,5.81E-06,5.81E-06,5.81E-06,5.81E-06,5.81E-06
hrv,1A2g_Ind-Comb-Construction,coal_coke,8.23E-06,8.23E-06,8.23E-06,8.23E-06,8.23E-06,7.75E-06,7.26E-06,6.78E-06,6.30E-06,5.81E-06,5.81E-06,5.81E-06,5.81E-06,5.81E-06,5.81E-06,5.81E-06,5.81E-06
hrv,1A2g_Ind-Comb-machinery,coal_coke,8.23E-06,8.23E-06,8.23E-06,8.23E-06,8.23E-06,7.75E-06,7.26E-06,6.78E-06,6.30E-06,5.81E-06,5.81E-06,5.81E-06,5.81E-06,5.81E-06,5.81E-06,5.81E-06,5.81E-06
hrv,1A2g_Ind-Comb-mining-quarying,coal_coke,8.23E-06,8.23E-06,8.23E-06,8.23E-06,8.23E-06,7.75E-06,7.26E-06,6.78E-06,6.30E-06,5.81E-06,5.81E-06,5.81E-06,5.81E-06,5.81E-06,5.81E-06,5.81E-06,5.81E-06
hrv,1A2g_Ind-Comb-other,coal_coke,8.23E-06,8.23E-06,8.23E-06,8.23E-06,8.23E-06,7.75E-06,7.26E-06,6.78E-06,6.30E-06,5.81E-06,5.81E-06,5.81E-06,5.81E-06,5.81E-06,5.81E-06,5.81E-06,5.81E-06
hrv,1A2g_Ind-Comb-textile-leather,coal_coke,8.23E-06,8.23E-06,8.23E-06,8.23E-06,8.23E-06,7.75E-06,7.26E-06,6.78E-06,6.30E-06,5.81E-06,5.81E-06,5.81E-06,5.81E-06,5.81E-06,5.81E-06,5.81E-06,5.81E-06
hrv,1A2g_Ind-Comb-transpequip,coal_coke,8.23E-06,8.23E-06,8.23E-06,8.23E-06,8.23E-06,7.75E-06,7.26E-06,6.78E-06,6.30E-06,5.81E-06,5.81E-06,5.81E-06,5.81E-06,5.81E-06,5.81E-06,5.81E-06,5.81E-06
hrv,1A2g_Ind-Comb-wood-products,coal_coke,8.23E-06,8.23E-06,8.23E-06,8.23E-06,8.23E-06,7.75E-06,7.26E-06,6.78E-06,6.30E-06,5.81E-06,5.81E-06,5.81E-06,5.81E-06,5.81E-06,5.81E-06,5.81E-06,5.81E-06
hun,1A2a_Ind-Comb-Iron-steel,coal_coke,1.01E-05,1.01E-05,1.01E-05,1.01E-05,1.01E-05,9.25E-06,8.45E-06,7.66E-06,6.86E-06,6.06E-06,6.06E-06,6.06E-06,6.06E-06,6.06E-06,6.06E-06,6.06E-06,6.06E-06
hun,1A2b_Ind-Comb-Non-ferrous-metals,coal_coke,1.01E-05,1.01E-05,1.01E-05,1.01E-05,1.01E-05,9.25E-06,8.45E-06,7.66E-06,6.86E-06,6.06E-06,6.06E-06,6.06E-06,6.06E-06,6.06E-06,6.06E-06,6.06E-06,6.06E-06
hun,1A2c_Ind-Comb-Chemicals,coal_coke,1.01E-05,1.01E-05,1.01E-05,1.01E-05,1.01E-05,9.25E-06,8.45E-06,7.66E-06,6.86E-06,6.06E-06,6.06E-06,6.06E-06,6.06E-06,6.06E-06,6.06E-06,6.06E-06,6.06E-06
hun,1A2d_Ind-Comb-Pulp-paper,coal_coke,1.01E-05,1.01E-05,1.01E-05,1.01E-05,1.01E-05,9.25E-06,8.45E-06,7.66E-06,6.86E-06,6.06E-06,6.06E-06,6.06E-06,6.06E-06,6.06E-06,6.06E-06,6.06E-06,6.06E-06
hun,1A2e_Ind-Comb-Food-tobacco,coal_coke,1.01E-05,1.01E-05,1.01E-05,1.01E-05,1.01E-05,9.25E-06,8.45E-06,7.66E-06,6.86E-06,6.06E-06,6.06E-06,6.06E-06,6.06E-06,6.06E-06,6.06E-06,6.06E-06,6.06E-06
hun,1A2f_Ind-Comb-Non-metalic-minerals,coal_coke,1.01E-05,1.01E-05,1.01E-05,1.01E-05,1.01E-05,9.25E-06,8.45E-06,7.66E-06,6.86E-06,6.06E-06,6.06E-06,6.06E-06,6.06E-06,6.06E-06,6.06E-06,6.06E-06,6.06E-06
hun,1A2g_Ind-Comb-Construction,coal_coke,1.01E-05,1.01E-05,1.01E-05,1.01E-05,1.01E-05,9.25E-06,8.45E-06,7.66E-06,6.86E-06,6.06E-06,6.06E-06,6.06E-06,6.06E-06,6.06E-06,6.06E-06,6.06E-06,6.06E-06
hun,1A2g_Ind-Comb-machinery,coal_coke,1.01E-05,1.01E-05,1.01E-05,1.01E-05,1.01E-05,9.25E-06,8.45E-06,7.66E-06,6.86E-06,6.06E-06,6.06E-06,6.06E-06,6.06E-06,6.06E-06,6.06E-06,6.06E-06,6.06E-06
hun,1A2g_Ind-Comb-mining-quarying,coal_coke,1.01E-05,1.01E-05,1.01E-05,1.01E-05,1.01E-05,9.25E-06,8.45E-06,7.66E-06,6.86E-06,6.06E-06,6.06E-06,6.06E-06,6.06E-06,6.06E-06,6.06E-06,6.06E-06,6.06E-06
hun,1A2g_Ind-Comb-other,coal_coke,1.01E-05,1.01E-05,1.01E-05,1.01E-05,1.01E-05,9.25E-06,8.45E-06,7.66E-06,6.86E-06,6.06E-06,6.06E-06,6.06E-06,6.06E-06,6.06E-06,6.06E-06,6.06E-06,6.06E-06
hun,1A2g_Ind-Comb-textile-leather,coal_coke,1.01E-05,1.01E-05,1.01E-05,1.01E-05,1.01E-05,9.25E-06,8.45E-06,7.66E-06,6.86E-06,6.06E-06,6.06E-06,6.06E-06,6.06E-06,6.06E-06,6.06E-06,6.06E-06,6.06E-06
hun,1A2g_Ind-Comb-transpequip,coal_coke,1.01E-05,1.01E-05,1.01E-05,1.01E-05,1.01E-05,9.25E-06,8.45E-06,7.66E-06,6.86E-06,6.06E-06,6.06E-06,6.06E-06,6.06E-06,6.06E-06,6.06E-06,6.06E-06,6.06E-06
hun,1A2g_Ind-Comb-wood-products,coal_coke,1.01E-05,1.01E-05,1.01E-05,1.01E-05,1.01E-05,9.25E-06,8.45E-06,7.66E-06,6.86E-06,6.06E-06,6.06E-06,6.06E-06,6.06E-06,6.06E-06,6.06E-06,6.06E-06,6.06E-06
irq,1A1a_Electricity-autoproducer,diesel_oil,1.29E-06,1.29E-06,1.29E-06,1.29E-06,1.29E-06,1.23E-06,1.17E-06,1.11E-06,1.05E-06,9.91E-07,9.91E-07,9.91E-07,9.91E-07,9.91E-07,9.91E-07,9.91E-07,9.91E-07
irq,1A1a_Electricity-public,diesel_oil,1.29E-06,1.29E-06,1.29E-06,1.29E-06,1.29E-06,1.23E-06,1.17E-06,1.11E-06,1.05E-06,9.91E-07,9.91E-07,9.91E-07,9.91E-07,9.91E-07,9.91E-07,9.91E-07,9.91E-07
irq,1A1a_Heat-production,diesel_oil,1.29E-06,1.29E-06,1.29E-06,1.29E-06,1.29E-06,1.23E-06,1.17E-06,1.11E-06,1.05E-06,9.91E-07,9.91E-07,9.91E-07,9.91E-07,9.91E-07,9.91E-07,9.91E-07,9.91E-07
jor,1A3eii_Other-transp,heavy_oil,0.000363636,0.000363636,0.000363636,0.000363636,0.000363636,0.000363636,0.000363636,0.000363636,0.000363636,0.000363636,0.000363636,0.000363636,0.000363636,0.000363636,0.000363636,0.000363636,0.000363636
kaz,1A1a_Electricity-autoproducer,brown_coal,1.42E-05,1.42E-05,1.42E-05,1.42E-05,1.42E-05,1.42E-05,1.42E-05,1.42E-05,1.42E-05,1.42E-05,1.42E-05,1.42E-05,1.42E-05,1.42E-05,1.42E-05,1.42E-05,1.42E-05
kaz,1A1a_Electricity-public,brown_coal,1.42E-05,1.42E-05,1.42E-05,1.42E-05,1.42E-05,1.42E-05,1.42E-05,1.42E-05,1.42E-05,1.42E-05,1.42E-05,1.42E-05,1.42E-05,1.42E-05,1.42E-05,1.42E-05,1.42E-05
kaz,1A1a_Heat-production,brown_coal,1.42E-05,1.42E-05,1.42E-05,1.42E-05,1.42E-05,1.42E-05,1.42E-05,1.42E-05,1.42E-05,1.42E-05,1.42E-05,1.42E-05,1.42E-05,1.42E-05,1.42E-05,1.42E-05,1.42E-05
kaz,1A4b_Residential,brown_coal,0.00273185,0.00273185,0.00273185,0.00273185,0.00273185,0.00273185,0.00273185,0.00273185,0.00273185,0.00273185,0.00273185,0.00273185,0.00273185,0.00273185,0.00273185,0.00273185,0.00273185
kaz,1A3dii_Domestic-navigation,diesel_oil,0.000333333,0.000333333,0.000333333,0.000333333,0.000333333,0.000333333,0.000333333,0.000333333,0.000333333,0.000333333,0.000333333,0.000333333,0.000333333,0.000333333,0.000333333,0.000333333,0.000333333
kaz,1A2a_Ind-Comb-Iron-steel,light_oil,7.14E-05,7.14E-05,7.14E-05,7.14E-05,7.14E-05,7.14E-05,7.14E-05,7.14E-05,7.14E-05,7.14E-05,7.14E-05,7.14E-05,7.14E-05,7.14E-05,7.14E-05,7.14E-05,7.14E-05
kaz,1A2b_Ind-Comb-Non-ferrous-metals,light_oil,7.14E-05,7.14E-05,7.14E-05,7.14E-05,7.14E-05,7.14E-05,7.14E-05,7.14E-05,7.14E-05,7.14E-05,7.14E-05,7.14E-05,7.14E-05,7.14E-05,7.14E-05,7.14E-05,7.14E-05
kaz,1A2c_Ind-Comb-Chemicals,light_oil,7.14E-05,7.14E-05,7.14E-05,7.14E-05,7.14E-05,7.14E-05,7.14E-05,7.14E-05,7.14E-05,7.14E-05,7.14E-05,7.14E-05,7.14E-05,7.14E-05,7.14E-05,7.14E-05,7.14E-05
kaz,1A2d_Ind-Comb-Pulp-paper,light_oil,7.14E-05,7.14E-05,7.14E-05,7.14E-05,7.14E-05,7.14E-05,7.14E-05,7.14E-05,7.14E-05,7.14E-05,7.14E-05,7.14E-05,7.14E-05,7.14E-05,7.14E-05,7.14E-05,7.14E-05
kaz,1A2e_Ind-Comb-Food-tobacco,light_oil,7.14E-05,7.14E-05,7.14E-05,7.14E-05,7.14E-05,7.14E-05,7.14E-05,7.14E-05,7.14E-05,7.14E-05,7.14E-05,7.14E-05,7.14E-05,7.14E-05,7.14E-05,7.14E-05,7.14E-05
kaz,1A2f_Ind-Comb-Non-metalic-minerals,light_oil,7.14E-05,7.14E-05,7.14E-05,7.14E-05,7.14E-05,7.14E-05,7.14E-05,7.14E-05,7.14E-05,7.14E-05,7.14E-05,7.14E-05,7.14E-05,7.14E-05,7.14E-05,7.14E-05,7.14E-05
kaz,1A2g_Ind-Comb-Construction,light_oil,7.14E-05,7.14E-05,7.14E-05,7.14E-05,7.14E-05,7.14E-05,7.14E-05,7.14E-05,7.14E-05,7.14E-05,7.14E-05,7.14E-05,7.14E-05,7.14E-05,7.14E-05,7.14E-05,7.14E-05
kaz,1A2g_Ind-Comb-machinery,light_oil,7.14E-05,7.14E-05,7.14E-05,7.14E-05,7.14E-05,7.14E-05,7.14E-05,7.14E-05,7.14E-05,7.14E-05,7.14E-05,7.14E-05,7.14E-05,7.14E-05,7.14E-05,7.14E-05,7.14E-05
kaz,1A2g_Ind-Comb-mining-quarying,light_oil,7.14E-05,7.14E-05,7.14E-05,7.14E-05,7.14E-05,7.14E-05,7.14E-05,7.14E-05,7.14E-05,7.14E-05,7.14E-05,7.14E-05,7.14E-05,7.14E-05,7.14E-05,7.14E-05,7.14E-05
kaz,1A2g_Ind-Comb-other,light_oil,7.14E-05,7.14E-05,7.14E-05,7.14E-05,7.14E-05,7.14E-05,7.14E-05,7.14E-05,7.14E-05,7.14E-05,7.14E-05,7.14E-05,7.14E-05,7.14E-05,7.14E-05,7.14E-05,7.14E-05
kaz,1A2g_Ind-Comb-textile-leather,light_oil,7.14E-05,7.14E-05,7.14E-05,7.14E-05,7.14E-05,7.14E-05,7.14E-05,7.14E-05,7.14E-05,7.14E-05,7.14E-05,7.14E-05,7.14E-05,7.14E-05,7.14E-05,7.14E-05,7.14E-05
kaz,1A2g_Ind-Comb-transpequip,light_oil,7.14E-05,7.14E-05,7.14E-05,7.14E-05,7.14E-05,7.14E-05,7.14E-05,7.14E-05,7.14E-05,7.14E-05,7.14E-05,7.14E-05,7.14E-05,7.14E-05,7.14E-05,7.14E-05,7.14E-05
kaz,1A2g_Ind-Comb-wood-products,light_oil,7.14E-05,7.14E-05,7.14E-05,7.14E-05,7.14E-05,7.14E-05,7.14E-05,7.14E-05,7.14E-05,7.14E-05,7.14E-05,7.14E-05,7.14E-05,7.14E-05,7.14E-05,7.14E-05,7.14E-05
kaz,1A4a_Commercial-institutional,light_oil,8.84E-05,8.84E-05,8.84E-05,8.84E-05,8.84E-05,8.84E-05,8.84E-05,8.84E-05,8.84E-05,8.84E-05,8.84E-05,8.84E-05,8.84E-05,8.84E-05,8.84E-05,8.84E-05,8.84E-05
kor,1A3eii_Other-transp,diesel_oil,0.000415778,0.000415778,0.000415778,0.000415778,0.000415778,0.000415782,0.000415785,0.000415789,0.000415792,0.000415796,0.000415796,0.000415796,0.000415796,0.000415796,0.000415796,0.000415796,0.000415796
kwt,1A1a_Electricity-autoproducer,diesel_oil,9.73E-07,9.73E-07,9.73E-07,9.73E-07,9.73E-07,9.73E-07,9.73E-07,9.73E-07,9.73E-07,9.73E-07,9.73E-07,9.73E-07,9.73E-07,9.73E-07,9.73E-07,9.73E-07,9.73E-07
kwt,1A1a_Electricity-public,diesel_oil,9.73E-07,9.73E-07,9.73E-07,9.73E-07,9.73E-07,9.73E-07,9.73E-07,9.73E-07,9.73E-07,9.73E-07,9.73E-07,9.73E-07,9.73E-07,9.73E-07,9.73E-07,9.73E-07,9.73E-07
kwt,1A1a_Heat-production,diesel_oil,9.73E-07,9.73E-07,9.73E-07,9.73E-07,9.73E-07,9.73E-07,9.73E-07,9.73E-07,9.73E-07,9.73E-07,9.73E-07,9.73E-07,9.73E-07,9.73E-07,9.73E-07,9.73E-07,9.73E-07
lka,1A2a_Ind-Comb-Iron-steel,light_oil,6.67E-05,6.67E-05,6.67E-05,6.67E-05,6.67E-05,6.33E-05,6.00E-05,5.67E-05,5.33E-05,5.00E-05,5.00E-05,5.00E-05,5.00E-05,5.00E-05,5.00E-05,5.00E-05,5.00E-05
lka,1A2b_Ind-Comb-Non-ferrous-metals,light_oil,6.67E-05,6.67E-05,6.67E-05,6.67E-05,6.67E-05,6.33E-05,6.00E-05,5.67E-05,5.33E-05,5.00E-05,5.00E-05,5.00E-05,5.00E-05,5.00E-05,5.00E-05,5.00E-05,5.00E-05
lka,1A2c_Ind-Comb-Chemicals,light_oil,6.67E-05,6.67E-05,6.67E-05,6.67E-05,6.67E-05,6.33E-05,6.00E-05,5.67E-05,5.33E-05,5.00E-05,5.00E-05,5.00E-05,5.00E-05,5.00E-05,5.00E-05,5.00E-05,5.00E-05
lka,1A2d_Ind-Comb-Pulp-paper,light_oil,6.67E-05,6.67E-05,6.67E-05,6.67E-05,6.67E-05,6.33E-05,6.00E-05,5.67E-05,5.33E-05,5.00E-05,5.00E-05,5.00E-05,5.00E-05,5.00E-05,5.00E-05,5.00E-05,5.00E-05
lka,1A2e_Ind-Comb-Food-tobacco,light_oil,6.67E-05,6.67E-05,6.67E-05,6.67E-05,6.67E-05,6.33E-05,6.00E-05,5.67E-05,5.33E-05,5.00E-05,5.00E-05,5.00E-05,5.00E-05,5.00E-05,5.00E-05,5.00E-05,5.00E-05
lka,1A2f_Ind-Comb-Non-metalic-minerals,light_oil,6.67E-05,6.67E-05,6.67E-05,6.67E-05,6.67E-05,6.33E-05,6.00E-05,5.67E-05,5.33E-05,5.00E-05,5.00E-05,5.00E-05,5.00E-05,5.00E-05,5.00E-05,5.00E-05,5.00E-05
lka,1A2g_Ind-Comb-Construction,light_oil,6.67E-05,6.67E-05,6.67E-05,6.67E-05,6.67E-05,6.33E-05,6.00E-05,5.67E-05,5.33E-05,5.00E-05,5.00E-05,5.00E-05,5.00E-05,5.00E-05,5.00E-05,5.00E-05,5.00E-05
lka,1A2g_Ind-Comb-machinery,light_oil,6.67E-05,6.67E-05,6.67E-05,6.67E-05,6.67E-05,6.33E-05,6.00E-05,5.67E-05,5.33E-05,5.00E-05,5.00E-05,5.00E-05,5.00E-05,5.00E-05,5.00E-05,5.00E-05,5.00E-05
lka,1A2g_Ind-Comb-mining-quarying,light_oil,6.67E-05,6.67E-05,6.67E-05,6.67E-05,6.67E-05,6.33E-05,6.00E-05,5.67E-05,5.33E-05,5.00E-05,5.00E-05,5.00E-05,5.00E-05,5.00E-05,5.00E-05,5.00E-05,5.00E-05
lka,1A2g_Ind-Comb-other,light_oil,6.67E-05,6.67E-05,6.67E-05,6.67E-05,6.67E-05,6.33E-05,6.00E-05,5.67E-05,5.33E-05,5.00E-05,5.00E-05,5.00E-05,5.00E-05,5.00E-05,5.00E-05,5.00E-05,5.00E-05
lka,1A2g_Ind-Comb-textile-leather,light_oil,6.67E-05,6.67E-05,6.67E-05,6.67E-05,6.67E-05,6.33E-05,6.00E-05,5.67E-05,5.33E-05,5.00E-05,5.00E-05,5.00E-05,5.00E-05,5.00E-05,5.00E-05,5.00E-05,5.00E-05
lka,1A2g_Ind-Comb-transpequip,light_oil,6.67E-05,6.67E-05,6.67E-05,6.67E-05,6.67E-05,6.33E-05,6.00E-05,5.67E-05,5.33E-05,5.00E-05,5.00E-05,5.00E-05,5.00E-05,5.00E-05,5.00E-05,5.00E-05,5.00E-05
lka,1A2g_Ind-Comb-wood-products,light_oil,6.67E-05,6.67E-05,6.67E-05,6.67E-05,6.67E-05,6.33E-05,6.00E-05,5.67E-05,5.33E-05,5.00E-05,5.00E-05,5.00E-05,5.00E-05,5.00E-05,5.00E-05,5.00E-05,5.00E-05
ltu,1A2a_Ind-Comb-Iron-steel,coal_coke,7.63E-06,7.63E-06,7.63E-06,7.63E-06,7.63E-06,7.63E-06,7.63E-06,7.63E-06,7.63E-06,7.63E-06,7.63E-06,7.63E-06,7.63E-06,7.63E-06,7.63E-06,7.63E-06,7.63E-06
ltu,1A2b_Ind-Comb-Non-ferrous-metals,coal_coke,7.63E-06,7.63E-06,7.63E-06,7.63E-06,7.63E-06,7.63E-06,7.63E-06,7.63E-06,7.63E-06,7.63E-06,7.63E-06,7.63E-06,7.63E-06,7.63E-06,7.63E-06,7.63E-06,7.63E-06
ltu,1A2c_Ind-Comb-Chemicals,coal_coke,7.63E-06,7.63E-06,7.63E-06,7.63E-06,7.63E-06,7.63E-06,7.63E-06,7.63E-06,7.63E-06,7.63E-06,7.63E-06,7.63E-06,7.63E-06,7.63E-06,7.63E-06,7.63E-06,7.63E-06
ltu,1A2d_Ind-Comb-Pulp-paper,coal_coke,7.63E-06,7.63E-06,7.63E-06,7.63E-06,7.63E-06,7.63E-06,7.63E-06,7.63E-06,7.63E-06,7.63E-06,7.63E-06,7.63E-06,7.63E-06,7.63E-06,7.63E-06,7.63E-06,7.63E-06
ltu,1A2e_Ind-Comb-Food-tobacco,coal_coke,7.63E-06,7.63E-06,7.63E-06,7.63E-06,7.63E-06,7.63E-06,7.63E-06,7.63E-06,7.63E-06,7.63E-06,7.63E-06,7.63E-06,7.63E-06,7.63E-06,7.63E-06,7.63E-06,7.63E-06
ltu,1A2f_Ind-Comb-Non-metalic-minerals,coal_coke,7.63E-06,7.63E-06,7.63E-06,7.63E-06,7.63E-06,7.63E-06,7.63E-06,7.63E-06,7.63E-06,7.63E-06,7.63E-06,7.63E-06,7.63E-06,7.63E-06,7.63E-06,7.63E-06,7.63E-06
ltu,1A2g_Ind-Comb-Construction,coal_coke,7.63E-06,7.63E-06,7.63E-06,7.63E-06,7.63E-06,7.63E-06,7.63E-06,7.63E-06,7.63E-06,7.63E-06,7.63E-06,7.63E-06,7.63E-06,7.63E-06,7.63E-06,7.63E-06,7.63E-06
ltu,1A2g_Ind-Comb-machinery,coal_coke,7.63E-06,7.63E-06,7.63E-06,7.63E-06,7.63E-06,7.63E-06,7.63E-06,7.63E-06,7.63E-06,7.63E-06,7.63E-06,7.63E-06,7.63E-06,7.63E-06,7.63E-06,7.63E-06,7.63E-06
ltu,1A2g_Ind-Comb-mining-quarying,coal_coke,7.63E-06,7.63E-06,7.63E-06,7.63E-06,7.63E-06,7.63E-06,7.63E-06,7.63E-06,7.63E-06,7.63E-06,7.63E-06,7.63E-06,7.63E-06,7.63E-06,7.63E-06,7.63E-06,7.63E-06
ltu,1A2g_Ind-Comb-other,coal_coke,7.63E-06,7.63E-06,7.63E-06,7.63E-06,7.63E-06,7.63E-06,7.63E-06,7.63E-06,7.63E-06,7.63E-06,7.63E-06,7.63E-06,7.63E-06,7.63E-06,7.63E-06,7.63E-06,7.63E-06
ltu,1A2g_Ind-Comb-textile-leather,coal_coke,7.63E-06,7.63E-06,7.63E-06,7.63E-06,7.63E-06,7.63E-06,7.63E-06,7.63E-06,7.63E-06,7.63E-06,7.63E-06,7.63E-06,7.63E-06,7.63E-06,7.63E-06,7.63E-06,7.63E-06
ltu,1A2g_Ind-Comb-transpequip,coal_coke,7.63E-06,7.63E-06,7.63E-06,7.63E-06,7.63E-06,7.63E-06,7.63E-06,7.63E-06,7.63E-06,7.63E-06,7.63E-06,7.63E-06,7.63E-06,7.63E-06,7.63E-06,7.63E-06,7.63E-06
ltu,1A2g_Ind-Comb-wood-products,coal_coke,7.63E-06,7.63E-06,7.63E-06,7.63E-06,7.63E-06,7.63E-06,7.63E-06,7.63E-06,7.63E-06,7.63E-06,7.63E-06,7.63E-06,7.63E-06,7.63E-06,7.63E-06,7.63E-06,7.63E-06
mar,1A2a_Ind-Comb-Iron-steel,coal_coke,8.37E-06,8.37E-06,8.37E-06,8.37E-06,8.37E-06,8.27E-06,8.18E-06,8.08E-06,7.99E-06,7.89E-06,7.89E-06,7.89E-06,7.89E-06,7.89E-06,7.89E-06,7.89E-06,7.89E-06
mar,1A2b_Ind-Comb-Non-ferrous-metals,coal_coke,8.37E-06,8.37E-06,8.37E-06,8.37E-06,8.37E-06,8.27E-06,8.18E-06,8.08E-06,7.99E-06,7.89E-06,7.89E-06,7.89E-06,7.89E-06,7.89E-06,7.89E-06,7.89E-06,7.89E-06
mar,1A2c_Ind-Comb-Chemicals,coal_coke,8.37E-06,8.37E-06,8.37E-06,8.37E-06,8.37E-06,8.27E-06,8.18E-06,8.08E-06,7.99E-06,7.89E-06,7.89E-06,7.89E-06,7.89E-06,7.89E-06,7.89E-06,7.89E-06,7.89E-06
mar,1A2d_Ind-Comb-Pulp-paper,coal_coke,8.37E-06,8.37E-06,8.37E-06,8.37E-06,8.37E-06,8.27E-06,8.18E-06,8.08E-06,7.99E-06,7.89E-06,7.89E-06,7.89E-06,7.89E-06,7.89E-06,7.89E-06,7.89E-06,7.89E-06
mar,1A2e_Ind-Comb-Food-tobacco,coal_coke,8.37E-06,8.37E-06,8.37E-06,8.37E-06,8.37E-06,8.27E-06,8.18E-06,8.08E-06,7.99E-06,7.89E-06,7.89E-06,7.89E-06,7.89E-06,7.89E-06,7.89E-06,7.89E-06,7.89E-06
mar,1A2f_Ind-Comb-Non-metalic-minerals,coal_coke,8.37E-06,8.37E-06,8.37E-06,8.37E-06,8.37E-06,8.27E-06,8.18E-06,8.08E-06,7.99E-06,7.89E-06,7.89E-06,7.89E-06,7.89E-06,7.89E-06,7.89E-06,7.89E-06,7.89E-06
mar,1A2g_Ind-Comb-Construction,coal_coke,8.37E-06,8.37E-06,8.37E-06,8.37E-06,8.37E-06,8.27E-06,8.18E-06,8.08E-06,7.99E-06,7.89E-06,7.89E-06,7.89E-06,7.89E-06,7.89E-06,7.89E-06,7.89E-06,7.89E-06
mar,1A2g_Ind-Comb-machinery,coal_coke,8.37E-06,8.37E-06,8.37E-06,8.37E-06,8.37E-06,8.27E-06,8.18E-06,8.08E-06,7.99E-06,7.89E-06,7.89E-06,7.89E-06,7.89E-06,7.89E-06,7.89E-06,7.89E-06,7.89E-06
mar,1A2g_Ind-Comb-mining-quarying,coal_coke,8.37E-06,8.37E-06,8.37E-06,8.37E-06,8.37E-06,8.27E-06,8.18E-06,8.08E-06,7.99E-06,7.89E-06,7.89E-06,7.89E-06,7.89E-06,7.89E-06,7.89E-06,7.89E-06,7.89E-06
mar,1A2g_Ind-Comb-other,coal_coke,8.37E-06,8.37E-06,8.37E-06,8.37E-06,8.37E-06,8.27E-06,8.18E-06,8.08E-06,7.99E-06,7.89E-06,7.89E-06,7.89E-06,7.89E-06,7.89E-06,7.89E-06,7.89E-06,7.89E-06
mar,1A2g_Ind-Comb-textile-leather,coal_coke,8.37E-06,8.37E-06,8.37E-06,8.37E-06,8.37E-06,8.27E-06,8.18E-06,8.08E-06,7.99E-06,7.89E-06,7.89E-06,7.89E-06,7.89E-06,7.89E-06,7.89E-06,7.89E-06,7.89E-06
mar,1A2g_Ind-Comb-transpequip,coal_coke,8.37E-06,8.37E-06,8.37E-06,8.37E-06,8.37E-06,8.27E-06,8.18E-06,8.08E-06,7.99E-06,7.89E-06,7.89E-06,7.89E-06,7.89E-06,7.89E-06,7.89E-06,7.89E-06,7.89E-06
mar,1A2g_Ind-Comb-wood-products,coal_coke,8.37E-06,8.37E-06,8.37E-06,8.37E-06,8.37E-06,8.27E-06,8.18E-06,8.08E-06,7.99E-06,7.89E-06,7.89E-06,7.89E-06,7.89E-06,7.89E-06,7.89E-06,7.89E-06,7.89E-06
mar,1A4b_Residential,heavy_oil,4.35E-05,4.35E-05,4.35E-05,4.35E-05,4.35E-05,4.60E-05,4.86E-05,5.11E-05,5.36E-05,5.62E-05,5.62E-05,5.62E-05,5.62E-05,5.62E-05,5.62E-05,5.62E-05,5.62E-05
mmr,1A3dii_Domestic-navigation,diesel_oil,0.0003125,0.0003125,0.0003125,0.0003125,0.0003125,0.0003125,0.0003125,0.0003125,0.0003125,0.0003125,0.0003125,0.0003125,0.0003125,0.0003125,0.0003125,0.0003125,0.0003125
mng,1A1bc_Other-transformation,hard_coal,0.003585366,0.003585366,0.003585366,0.003585366,0.003585366,0.003585366,0.003585366,0.003585366,0.003585366,0.003585366,0.003585366,0.003585366,0.003585366,0.003585366,0.003585366,0.003585366,0.003585366
mys,1A1a_Electricity-autoproducer,diesel_oil,1.65E-06,1.65E-06,1.65E-06,1.65E-06,1.65E-06,1.65E-06,1.65E-06,1.65E-06,1.65E-06,1.65E-06,1.65E-06,1.65E-06,1.65E-06,1.65E-06,1.65E-06,1.65E-06,1.65E-06
mys,1A1a_Electricity-public,diesel_oil,1.65E-06,1.65E-06,1.65E-06,1.65E-06,1.65E-06,1.65E-06,1.65E-06,1.65E-06,1.65E-06,1.65E-06,1.65E-06,1.65E-06,1.65E-06,1.65E-06,1.65E-06,1.65E-06,1.65E-06
mys,1A1a_Heat-production,diesel_oil,1.65E-06,1.65E-06,1.65E-06,1.65E-06,1.65E-06,1.65E-06,1.65E-06,1.65E-06,1.65E-06,1.65E-06,1.65E-06,1.65E-06,1.65E-06,1.65E-06,1.65E-06,1.65E-06,1.65E-06
nam,1A1a_Electricity-autoproducer,hard_coal,2.94E-05,2.94E-05,2.94E-05,2.94E-05,2.94E-05,2.94E-05,2.94E-05,2.94E-05,2.94E-05,2.94E-05,2.94E-05,2.94E-05,2.94E-05,2.94E-05,2.94E-05,2.94E-05,2.94E-05
nam,1A1a_Electricity-public,hard_coal,2.94E-05,2.94E-05,2.94E-05,2.94E-05,2.94E-05,2.94E-05,2.94E-05,2.94E-05,2.94E-05,2.94E-05,2.94E-05,2.94E-05,2.94E-05,2.94E-05,2.94E-05,2.94E-05,2.94E-05
nam,1A1a_Heat-production,hard_coal,2.94E-05,2.94E-05,2.94E-05,2.94E-05,2.94E-05,2.94E-05,2.94E-05,2.94E-05,2.94E-05,2.94E-05,2.94E-05,2.94E-05,2.94E-05,2.94E-05,2.94E-05,2.94E-05,2.94E-05
nld,1A2a_Ind-Comb-Iron-steel,light_oil,3.70E-05,3.70E-05,3.70E-05,3.70E-05,3.70E-05,3.70E-05,3.70E-05,3.70E-05,3.70E-05,3.70E-05,3.70E-05,3.70E-05,3.70E-05,3.70E-05,3.70E-05,3.70E-05,3.70E-05
nld,1A2b_Ind-Comb-Non-ferrous-metals,light_oil,3.70E-05,3.70E-05,3.70E-05,3.70E-05,3.70E-05,3.70E-05,3.70E-05,3.70E-05,3.70E-05,3.70E-05,3.70E-05,3.70E-05,3.70E-05,3.70E-05,3.70E-05,3.70E-05,3.70E-05
nld,1A2c_Ind-Comb-Chemicals,light_oil,3.70E-05,3.70E-05,3.70E-05,3.70E-05,3.70E-05,3.70E-05,3.70E-05,3.70E-05,3.70E-05,3.70E-05,3.70E-05,3.70E-05,3.70E-05,3.70E-05,3.70E-05,3.70E-05,3.70E-05
nld,1A2d_Ind-Comb-Pulp-paper,light_oil,3.70E-05,3.70E-05,3.70E-05,3.70E-05,3.70E-05,3.70E-05,3.70E-05,3.70E-05,3.70E-05,3.70E-05,3.70E-05,3.70E-05,3.70E-05,3.70E-05,3.70E-05,3.70E-05,3.70E-05
nld,1A2e_Ind-Comb-Food-tobacco,light_oil,3.70E-05,3.70E-05,3.70E-05,3.70E-05,3.70E-05,3.70E-05,3.70E-05,3.70E-05,3.70E-05,3.70E-05,3.70E-05,3.70E-05,3.70E-05,3.70E-05,3.70E-05,3.70E-05,3.70E-05
nld,1A2f_Ind-Comb-Non-metalic-minerals,light_oil,3.70E-05,3.70E-05,3.70E-05,3.70E-05,3.70E-05,3.70E-05,3.70E-05,3.70E-05,3.70E-05,3.70E-05,3.70E-05,3.70E-05,3.70E-05,3.70E-05,3.70E-05,3.70E-05,3.70E-05
nld,1A2g_Ind-Comb-Construction,light_oil,3.70E-05,3.70E-05,3.70E-05,3.70E-05,3.70E-05,3.70E-05,3.70E-05,3.70E-05,3.70E-05,3.70E-05,3.70E-05,3.70E-05,3.70E-05,3.70E-05,3.70E-05,3.70E-05,3.70E-05
nld,1A2g_Ind-Comb-machinery,light_oil,3.70E-05,3.70E-05,3.70E-05,3.70E-05,3.70E-05,3.70E-05,3.70E-05,3.70E-05,3.70E-05,3.70E-05,3.70E-05,3.70E-05,3.70E-05,3.70E-05,3.70E-05,3.70E-05,3.70E-05
nld,1A2g_Ind-Comb-mining-quarying,light_oil,3.70E-05,3.70E-05,3.70E-05,3.70E-05,3.70E-05,3.70E-05,3.70E-05,3.70E-05,3.70E-05,3.70E-05,3.70E-05,3.70E-05,3.70E-05,3.70E-05,3.70E-05,3.70E-05,3.70E-05
nld,1A2g_Ind-Comb-other,light_oil,3.70E-05,3.70E-05,3.70E-05,3.70E-05,3.70E-05,3.70E-05,3.70E-05,3.70E-05,3.70E-05,3.70E-05,3.70E-05,3.70E-05,3.70E-05,3.70E-05,3.70E-05,3.70E-05,3.70E-05
nld,1A2g_Ind-Comb-textile-leather,light_oil,3.70E-05,3.70E-05,3.70E-05,3.70E-05,3.70E-05,3.70E-05,3.70E-05,3.70E-05,3.70E-05,3.70E-05,3.70E-05,3.70E-05,3.70E-05,3.70E-05,3.70E-05,3.70E-05,3.70E-05
nld,1A2g_Ind-Comb-transpequip,light_oil,3.70E-05,3.70E-05,3.70E-05,3.70E-05,3.70E-05,3.70E-05,3.70E-05,3.70E-05,3.70E-05,3.70E-05,3.70E-05,3.70E-05,3.70E-05,3.70E-05,3.70E-05,3.70E-05,3.70E-05
nld,1A2g_Ind-Comb-wood-products,light_oil,3.70E-05,3.70E-05,3.70E-05,3.70E-05,3.70E-05,3.70E-05,3.70E-05,3.70E-05,3.70E-05,3.70E-05,3.70E-05,3.70E-05,3.70E-05,3.70E-05,3.70E-05,3.70E-05,3.70E-05
npl,1A2a_Ind-Comb-Iron-steel,diesel_oil,0.00075,0.00075,0.00075,0.00075,0.00075,0.00075,0.00075,0.00075,0.00075,0.00075,0.00075,0.00075,0.00075,0.00075,0.00075,0.00075,0.00075
npl,1A2b_Ind-Comb-Non-ferrous-metals,diesel_oil,0.00075,0.00075,0.00075,0.00075,0.00075,0.00075,0.00075,0.00075,0.00075,0.00075,0.00075,0.00075,0.00075,0.00075,0.00075,0.00075,0.00075
npl,1A2c_Ind-Comb-Chemicals,diesel_oil,0.00075,0.00075,0.00075,0.00075,0.00075,0.00075,0.00075,0.00075,0.00075,0.00075,0.00075,0.00075,0.00075,0.00075,0.00075,0.00075,0.00075
npl,1A2d_Ind-Comb-Pulp-paper,diesel_oil,0.00075,0.00075,0.00075,0.00075,0.00075,0.00075,0.00075,0.00075,0.00075,0.00075,0.00075,0.00075,0.00075,0.00075,0.00075,0.00075,0.00075
npl,1A2e_Ind-Comb-Food-tobacco,diesel_oil,0.00075,0.00075,0.00075,0.00075,0.00075,0.00075,0.00075,0.00075,0.00075,0.00075,0.00075,0.00075,0.00075,0.00075,0.00075,0.00075,0.00075
npl,1A2f_Ind-Comb-Non-metalic-minerals,diesel_oil,0.00075,0.00075,0.00075,0.00075,0.00075,0.00075,0.00075,0.00075,0.00075,0.00075,0.00075,0.00075,0.00075,0.00075,0.00075,0.00075,0.00075
npl,1A2g_Ind-Comb-Construction,diesel_oil,0.00075,0.00075,0.00075,0.00075,0.00075,0.00075,0.00075,0.00075,0.00075,0.00075,0.00075,0.00075,0.00075,0.00075,0.00075,0.00075,0.00075
npl,1A2g_Ind-Comb-machinery,diesel_oil,0.00075,0.00075,0.00075,0.00075,0.00075,0.00075,0.00075,0.00075,0.00075,0.00075,0.00075,0.00075,0.00075,0.00075,0.00075,0.00075,0.00075
npl,1A2g_Ind-Comb-mining-quarying,diesel_oil,0.00075,0.00075,0.00075,0.00075,0.00075,0.00075,0.00075,0.00075,0.00075,0.00075,0.00075,0.00075,0.00075,0.00075,0.00075,0.00075,0.00075
npl,1A2g_Ind-Comb-other,diesel_oil,0.00075,0.00075,0.00075,0.00075,0.00075,0.00075,0.00075,0.00075,0.00075,0.00075,0.00075,0.00075,0.00075,0.00075,0.00075,0.00075,0.00075
npl,1A2g_Ind-Comb-textile-leather,diesel_oil,0.00075,0.00075,0.00075,0.00075,0.00075,0.00075,0.00075,0.00075,0.00075,0.00075,0.00075,0.00075,0.00075,0.00075,0.00075,0.00075,0.00075
npl,1A2g_Ind-Comb-transpequip,diesel_oil,0.00075,0.00075,0.00075,0.00075,0.00075,0.00075,0.00075,0.00075,0.00075,0.00075,0.00075,0.00075,0.00075,0.00075,0.00075,0.00075,0.00075
npl,1A2g_Ind-Comb-wood-products,diesel_oil,0.00075,0.00075,0.00075,0.00075,0.00075,0.00075,0.00075,0.00075,0.00075,0.00075,0.00075,0.00075,0.00075,0.00075,0.00075,0.00075,0.00075
pak,1A2a_Ind-Comb-Iron-steel,light_oil,4.76E-05,4.76E-05,4.76E-05,4.76E-05,4.76E-05,4.68E-05,4.60E-05,4.51E-05,4.43E-05,4.35E-05,4.35E-05,4.35E-05,4.35E-05,4.35E-05,4.35E-05,4.35E-05,4.35E-05
pak,1A2b_Ind-Comb-Non-ferrous-metals,light_oil,4.76E-05,4.76E-05,4.76E-05,4.76E-05,4.76E-05,4.68E-05,4.60E-05,4.51E-05,4.43E-05,4.35E-05,4.35E-05,4.35E-05,4.35E-05,4.35E-05,4.35E-05,4.35E-05,4.35E-05
pak,1A2c_Ind-Comb-Chemicals,light_oil,4.76E-05,4.76E-05,4.76E-05,4.76E-05,4.76E-05,4.68E-05,4.60E-05,4.51E-05,4.43E-05,4.35E-05,4.35E-05,4.35E-05,4.35E-05,4.35E-05,4.35E-05,4.35E-05,4.35E-05
pak,1A2d_Ind-Comb-Pulp-paper,light_oil,4.76E-05,4.76E-05,4.76E-05,4.76E-05,4.76E-05,4.68E-05,4.60E-05,4.51E-05,4.43E-05,4.35E-05,4.35E-05,4.35E-05,4.35E-05,4.35E-05,4.35E-05,4.35E-05,4.35E-05
pak,1A2e_Ind-Comb-Food-tobacco,light_oil,4.76E-05,4.76E-05,4.76E-05,4.76E-05,4.76E-05,4.68E-05,4.60E-05,4.51E-05,4.43E-05,4.35E-05,4.35E-05,4.35E-05,4.35E-05,4.35E-05,4.35E-05,4.35E-05,4.35E-05
pak,1A2f_Ind-Comb-Non-metalic-minerals,light_oil,4.76E-05,4.76E-05,4.76E-05,4.76E-05,4.76E-05,4.68E-05,4.60E-05,4.51E-05,4.43E-05,4.35E-05,4.35E-05,4.35E-05,4.35E-05,4.35E-05,4.35E-05,4.35E-05,4.35E-05
pak,1A2g_Ind-Comb-Construction,light_oil,4.76E-05,4.76E-05,4.76E-05,4.76E-05,4.76E-05,4.68E-05,4.60E-05,4.51E-05,4.43E-05,4.35E-05,4.35E-05,4.35E-05,4.35E-05,4.35E-05,4.35E-05,4.35E-05,4.35E-05
pak,1A2g_Ind-Comb-machinery,light_oil,4.76E-05,4.76E-05,4.76E-05,4.76E-05,4.76E-05,4.68E-05,4.60E-05,4.51E-05,4.43E-05,4.35E-05,4.35E-05,4.35E-05,4.35E-05,4.35E-05,4.35E-05,4.35E-05,4.35E-05
pak,1A2g_Ind-Comb-mining-quarying,light_oil,4.76E-05,4.76E-05,4.76E-05,4.76E-05,4.76E-05,4.68E-05,4.60E-05,4.51E-05,4.43E-05,4.35E-05,4.35E-05,4.35E-05,4.35E-05,4.35E-05,4.35E-05,4.35E-05,4.35E-05
pak,1A2g_Ind-Comb-other,light_oil,4.76E-05,4.76E-05,4.76E-05,4.76E-05,4.76E-05,4.68E-05,4.60E-05,4.51E-05,4.43E-05,4.35E-05,4.35E-05,4.35E-05,4.35E-05,4.35E-05,4.35E-05,4.35E-05,4.35E-05
pak,1A2g_Ind-Comb-textile-leather,light_oil,4.76E-05,4.76E-05,4.76E-05,4.76E-05,4.76E-05,4.68E-05,4.60E-05,4.51E-05,4.43E-05,4.35E-05,4.35E-05,4.35E-05,4.35E-05,4.35E-05,4.35E-05,4.35E-05,4.35E-05
pak,1A2g_Ind-Comb-transpequip,light_oil,4.76E-05,4.76E-05,4.76E-05,4.76E-05,4.76E-05,4.68E-05,4.60E-05,4.51E-05,4.43E-05,4.35E-05,4.35E-05,4.35E-05,4.35E-05,4.35E-05,4.35E-05,4.35E-05,4.35E-05
pak,1A2g_Ind-Comb-wood-products,light_oil,4.76E-05,4.76E-05,4.76E-05,4.76E-05,4.76E-05,4.68E-05,4.60E-05,4.51E-05,4.43E-05,4.35E-05,4.35E-05,4.35E-05,4.35E-05,4.35E-05,4.35E-05,4.35E-05,4.35E-05
pak,1A3eii_Other-transp,light_oil,4.76E-05,4.76E-05,4.76E-05,4.76E-05,4.76E-05,4.76E-05,4.76E-05,4.76E-05,4.76E-05,4.76E-05,4.76E-05,4.76E-05,4.76E-05,4.76E-05,4.76E-05,4.76E-05,4.76E-05
pan,1A4c_Agriculture-forestry-fishing,diesel_oil,0.001,0.001,0.001,0.001,0.001,0.001,0.001,0.001,0.001,0.001,0.001,0.001,0.001,0.001,0.001,0.001,0.001
pan,1A3eii_Other-transp,heavy_oil,0.00033871,0.00033871,0.00033871,0.00033871,0.00033871,0.00033871,0.00033871,0.00033871,0.00033871,0.00033871,0.00033871,0.00033871,0.00033871,0.00033871,0.00033871,0.00033871,0.00033871
pan,1A2a_Ind-Comb-Iron-steel,light_oil,5.26E-05,5.26E-05,5.26E-05,5.26E-05,5.26E-05,5.26E-05,5.26E-05,5.26E-05,5.26E-05,5.26E-05,5.26E-05,5.26E-05,5.26E-05,5.26E-05,5.26E-05,5.26E-05,5.26E-05
pan,1A2b_Ind-Comb-Non-ferrous-metals,light_oil,5.26E-05,5.26E-05,5.26E-05,5.26E-05,5.26E-05,5.26E-05,5.26E-05,5.26E-05,5.26E-05,5.26E-05,5.26E-05,5.26E-05,5.26E-05,5.26E-05,5.26E-05,5.26E-05,5.26E-05
pan,1A2c_Ind-Comb-Chemicals,light_oil,5.26E-05,5.26E-05,5.26E-05,5.26E-05,5.26E-05,5.26E-05,5.26E-05,5.26E-05,5.26E-05,5.26E-05,5.26E-05,5.26E-05,5.26E-05,5.26E-05,5.26E-05,5.26E-05,5.26E-05
pan,1A2d_Ind-Comb-Pulp-paper,light_oil,5.26E-05,5.26E-05,5.26E-05,5.26E-05,5.26E-05,5.26E-05,5.26E-05,5.26E-05,5.26E-05,5.26E-05,5.26E-05,5.26E-05,5.26E-05,5.26E-05,5.26E-05,5.26E-05,5.26E-05
pan,1A2e_Ind-Comb-Food-tobacco,light_oil,5.26E-05,5.26E-05,5.26E-05,5.26E-05,5.26E-05,5.26E-05,5.26E-05,5.26E-05,5.26E-05,5.26E-05,5.26E-05,5.26E-05,5.26E-05,5.26E-05,5.26E-05,5.26E-05,5.26E-05
pan,1A2f_Ind-Comb-Non-metalic-minerals,light_oil,5.26E-05,5.26E-05,5.26E-05,5.26E-05,5.26E-05,5.26E-05,5.26E-05,5.26E-05,5.26E-05,5.26E-05,5.26E-05,5.26E-05,5.26E-05,5.26E-05,5.26E-05,5.26E-05,5.26E-05
pan,1A2g_Ind-Comb-Construction,light_oil,5.26E-05,5.26E-05,5.26E-05,5.26E-05,5.26E-05,5.26E-05,5.26E-05,5.26E-05,5.26E-05,5.26E-05,5.26E-05,5.26E-05,5.26E-05,5.26E-05,5.26E-05,5.26E-05,5.26E-05
pan,1A2g_Ind-Comb-machinery,light_oil,5.26E-05,5.26E-05,5.26E-05,5.26E-05,5.26E-05,5.26E-05,5.26E-05,5.26E-05,5.26E-05,5.26E-05,5.26E-05,5.26E-05,5.26E-05,5.26E-05,5.26E-05,5.26E-05,5.26E-05
pan,1A2g_Ind-Comb-mining-quarying,light_oil,5.26E-05,5.26E-05,5.26E-05,5.26E-05,5.26E-05,5.26E-05,5.26E-05,5.26E-05,5.26E-05,5.26E-05,5.26E-05,5.26E-05,5.26E-05,5.26E-05,5.26E-05,5.26E-05,5.26E-05
pan,1A2g_Ind-Comb-other,light_oil,5.26E-05,5.26E-05,5.26E-05,5.26E-05,5.26E-05,5.26E-05,5.26E-05,5.26E-05,5.26E-05,5.26E-05,5.26E-05,5.26E-05,5.26E-05,5.26E-05,5.26E-05,5.26E-05,5.26E-05
pan,1A2g_Ind-Comb-textile-leather,light_oil,5.26E-05,5.26E-05,5.26E-05,5.26E-05,5.26E-05,5.26E-05,5.26E-05,5.26E-05,5.26E-05,5.26E-05,5.26E-05,5.26E-05,5.26E-05,5.26E-05,5.26E-05,5.26E-05,5.26E-05
pan,1A2g_Ind-Comb-transpequip,light_oil,5.26E-05,5.26E-05,5.26E-05,5.26E-05,5.26E-05,5.26E-05,5.26E-05,5.26E-05,5.26E-05,5.26E-05,5.26E-05,5.26E-05,5.26E-05,5.26E-05,5.26E-05,5.26E-05,5.26E-05
pan,1A2g_Ind-Comb-wood-products,light_oil,5.26E-05,5.26E-05,5.26E-05,5.26E-05,5.26E-05,5.26E-05,5.26E-05,5.26E-05,5.26E-05,5.26E-05,5.26E-05,5.26E-05,5.26E-05,5.26E-05,5.26E-05,5.26E-05,5.26E-05
pan,1A4a_Commercial-institutional,light_oil,0.000125,0.000125,0.000125,0.000125,0.000125,0.000125,0.000125,0.000125,0.000125,0.000125,0.000125,0.000125,0.000125,0.000125,0.000125,0.000125,0.000125
per,1A3eii_Other-transp,diesel_oil,0.000423077,0.000423077,0.000423077,0.000423077,0.000423077,0.000423077,0.000423077,0.000423077,0.000423077,0.000423077,0.000423077,0.000423077,0.000423077,0.000423077,0.000423077,0.000423077,0.000423077
pol,1A2a_Ind-Comb-Iron-steel,coal_coke,9.05E-06,9.05E-06,9.05E-06,9.05E-06,9.05E-06,9.05E-06,9.05E-06,9.05E-06,9.05E-06,9.05E-06,9.05E-06,9.05E-06,9.05E-06,9.05E-06,9.05E-06,9.05E-06,9.05E-06
pol,1A2b_Ind-Comb-Non-ferrous-metals,coal_coke,9.05E-06,9.05E-06,9.05E-06,9.05E-06,9.05E-06,9.05E-06,9.05E-06,9.05E-06,9.05E-06,9.05E-06,9.05E-06,9.05E-06,9.05E-06,9.05E-06,9.05E-06,9.05E-06,9.05E-06
pol,1A2c_Ind-Comb-Chemicals,coal_coke,9.05E-06,9.05E-06,9.05E-06,9.05E-06,9.05E-06,9.05E-06,9.05E-06,9.05E-06,9.05E-06,9.05E-06,9.05E-06,9.05E-06,9.05E-06,9.05E-06,9.05E-06,9.05E-06,9.05E-06
pol,1A2d_Ind-Comb-Pulp-paper,coal_coke,9.05E-06,9.05E-06,9.05E-06,9.05E-06,9.05E-06,9.05E-06,9.05E-06,9.05E-06,9.05E-06,9.05E-06,9.05E-06,9.05E-06,9.05E-06,9.05E-06,9.05E-06,9.05E-06,9.05E-06
pol,1A2e_Ind-Comb-Food-tobacco,coal_coke,9.05E-06,9.05E-06,9.05E-06,9.05E-06,9.05E-06,9.05E-06,9.05E-06,9.05E-06,9.05E-06,9.05E-06,9.05E-06,9.05E-06,9.05E-06,9.05E-06,9.05E-06,9.05E-06,9.05E-06
pol,1A2f_Ind-Comb-Non-metalic-minerals,coal_coke,9.05E-06,9.05E-06,9.05E-06,9.05E-06,9.05E-06,9.05E-06,9.05E-06,9.05E-06,9.05E-06,9.05E-06,9.05E-06,9.05E-06,9.05E-06,9.05E-06,9.05E-06,9.05E-06,9.05E-06
pol,1A2g_Ind-Comb-Construction,coal_coke,9.05E-06,9.05E-06,9.05E-06,9.05E-06,9.05E-06,9.05E-06,9.05E-06,9.05E-06,9.05E-06,9.05E-06,9.05E-06,9.05E-06,9.05E-06,9.05E-06,9.05E-06,9.05E-06,9.05E-06
pol,1A2g_Ind-Comb-machinery,coal_coke,9.05E-06,9.05E-06,9.05E-06,9.05E-06,9.05E-06,9.05E-06,9.05E-06,9.05E-06,9.05E-06,9.05E-06,9.05E-06,9.05E-06,9.05E-06,9.05E-06,9.05E-06,9.05E-06,9.05E-06
pol,1A2g_Ind-Comb-mining-quarying,coal_coke,9.05E-06,9.05E-06,9.05E-06,9.05E-06,9.05E-06,9.05E-06,9.05E-06,9.05E-06,9.05E-06,9.05E-06,9.05E-06,9.05E-06,9.05E-06,9.05E-06,9.05E-06,9.05E-06,9.05E-06
pol,1A2g_Ind-Comb-other,coal_coke,9.05E-06,9.05E-06,9.05E-06,9.05E-06,9.05E-06,9.05E-06,9.05E-06,9.05E-06,9.05E-06,9.05E-06,9.05E-06,9.05E-06,9.05E-06,9.05E-06,9.05E-06,9.05E-06,9.05E-06
pol,1A2g_Ind-Comb-textile-leather,coal_coke,9.05E-06,9.05E-06,9.05E-06,9.05E-06,9.05E-06,9.05E-06,9.05E-06,9.05E-06,9.05E-06,9.05E-06,9.05E-06,9.05E-06,9.05E-06,9.05E-06,9.05E-06,9.05E-06,9.05E-06
pol,1A2g_Ind-Comb-transpequip,coal_coke,9.05E-06,9.05E-06,9.05E-06,9.05E-06,9.05E-06,9.05E-06,9.05E-06,9.05E-06,9.05E-06,9.05E-06,9.05E-06,9.05E-06,9.05E-06,9.05E-06,9.05E-06,9.05E-06,9.05E-06
pol,1A2g_Ind-Comb-wood-products,coal_coke,9.05E-06,9.05E-06,9.05E-06,9.05E-06,9.05E-06,9.05E-06,9.05E-06,9.05E-06,9.05E-06,9.05E-06,9.05E-06,9.05E-06,9.05E-06,9.05E-06,9.05E-06,9.05E-06,9.05E-06
prt,1A3eii_Other-transp,diesel_oil,0.000407407,0.000407407,0.000407407,0.000407407,0.000407407,0.000409926,0.000412444,0.000414963,0.000417481,0.00042,0.00042,0.00042,0.00042,0.00042,0.00042,0.00042,0.00042
prt,1A3eii_Other-transp,heavy_oil,0.000333333,0.000333333,0.000333333,0.000333333,0.000333333,0.000333333,0.000333333,0.000333333,0.000333333,0.000333333,0.000333333,0.000333333,0.000333333,0.000333333,0.000333333,0.000333333,0.000333333
rou,1A3eii_Other-transp,heavy_oil,3.00E-04,3.00E-04,3.00E-04,3.00E-04,3.00E-04,3.00E-04,3.00E-04,3.00E-04,3.00E-04,3.00E-04,3.00E-04,3.00E-04,3.00E-04,3.00E-04,3.00E-04,3.00E-04,3.00E-04
rou,1A3aii_Domestic-aviation,light_oil,3.16E-05,3.16E-05,3.16E-05,3.16E-05,3.16E-05,3.16E-05,3.16E-05,3.16E-05,3.16E-05,3.16E-05,3.16E-05,3.16E-05,3.16E-05,3.16E-05,3.16E-05,3.16E-05,3.16E-05
rus,1A3eii_Other-transp,hard_coal,0.000222222,0.000222222,0.000222222,0.000222222,0.000222222,0.000222222,0.000222222,0.000222222,0.000222222,0.000222222,0.000222222,0.000222222,0.000222222,0.000222222,0.000222222,0.000222222,0.000222222
rus,1A3eii_Other-transp,light_oil,4.71E-05,4.71E-05,4.71E-05,4.71E-05,4.71E-05,4.71E-05,4.71E-05,4.71E-05,4.71E-05,4.71E-05,4.71E-05,4.71E-05,4.71E-05,4.71E-05,4.71E-05,4.71E-05,4.71E-05
sdn,1A2a_Ind-Comb-Iron-steel,coal_coke,8.80E-06,8.80E-06,8.80E-06,8.80E-06,8.80E-06,8.80E-06,8.80E-06,8.80E-06,8.80E-06,8.80E-06,8.80E-06,8.80E-06,8.80E-06,8.80E-06,8.80E-06,8.80E-06,8.80E-06
sdn,1A2b_Ind-Comb-Non-ferrous-metals,coal_coke,8.80E-06,8.80E-06,8.80E-06,8.80E-06,8.80E-06,8.80E-06,8.80E-06,8.80E-06,8.80E-06,8.80E-06,8.80E-06,8.80E-06,8.80E-06,8.80E-06,8.80E-06,8.80E-06,8.80E-06
sdn,1A2c_Ind-Comb-Chemicals,coal_coke,8.80E-06,8.80E-06,8.80E-06,8.80E-06,8.80E-06,8.80E-06,8.80E-06,8.80E-06,8.80E-06,8.80E-06,8.80E-06,8.80E-06,8.80E-06,8.80E-06,8.80E-06,8.80E-06,8.80E-06
sdn,1A2d_Ind-Comb-Pulp-paper,coal_coke,8.80E-06,8.80E-06,8.80E-06,8.80E-06,8.80E-06,8.80E-06,8.80E-06,8.80E-06,8.80E-06,8.80E-06,8.80E-06,8.80E-06,8.80E-06,8.80E-06,8.80E-06,8.80E-06,8.80E-06
sdn,1A2e_Ind-Comb-Food-tobacco,coal_coke,8.80E-06,8.80E-06,8.80E-06,8.80E-06,8.80E-06,8.80E-06,8.80E-06,8.80E-06,8.80E-06,8.80E-06,8.80E-06,8.80E-06,8.80E-06,8.80E-06,8.80E-06,8.80E-06,8.80E-06
sdn,1A2f_Ind-Comb-Non-metalic-minerals,coal_coke,8.80E-06,8.80E-06,8.80E-06,8.80E-06,8.80E-06,8.80E-06,8.80E-06,8.80E-06,8.80E-06,8.80E-06,8.80E-06,8.80E-06,8.80E-06,8.80E-06,8.80E-06,8.80E-06,8.80E-06
sdn,1A2g_Ind-Comb-Construction,coal_coke,8.80E-06,8.80E-06,8.80E-06,8.80E-06,8.80E-06,8.80E-06,8.80E-06,8.80E-06,8.80E-06,8.80E-06,8.80E-06,8.80E-06,8.80E-06,8.80E-06,8.80E-06,8.80E-06,8.80E-06
sdn,1A2g_Ind-Comb-machinery,coal_coke,8.80E-06,8.80E-06,8.80E-06,8.80E-06,8.80E-06,8.80E-06,8.80E-06,8.80E-06,8.80E-06,8.80E-06,8.80E-06,8.80E-06,8.80E-06,8.80E-06,8.80E-06,8.80E-06,8.80E-06
sdn,1A2g_Ind-Comb-mining-quarying,coal_coke,8.80E-06,8.80E-06,8.80E-06,8.80E-06,8.80E-06,8.80E-06,8.80E-06,8.80E-06,8.80E-06,8.80E-06,8.80E-06,8.80E-06,8.80E-06,8.80E-06,8.80E-06,8.80E-06,8.80E-06
sdn,1A2g_Ind-Comb-other,coal_coke,8.80E-06,8.80E-06,8.80E-06,8.80E-06,8.80E-06,8.80E-06,8.80E-06,8.80E-06,8.80E-06,8.80E-06,8.80E-06,8.80E-06,8.80E-06,8.80E-06,8.80E-06,8.80E-06,8.80E-06
sdn,1A2g_Ind-Comb-textile-leather,coal_coke,8.80E-06,8.80E-06,8.80E-06,8.80E-06,8.80E-06,8.80E-06,8.80E-06,8.80E-06,8.80E-06,8.80E-06,8.80E-06,8.80E-06,8.80E-06,8.80E-06,8.80E-06,8.80E-06,8.80E-06
sdn,1A2g_Ind-Comb-transpequip,coal_coke,8.80E-06,8.80E-06,8.80E-06,8.80E-06,8.80E-06,8.80E-06,8.80E-06,8.80E-06,8.80E-06,8.80E-06,8.80E-06,8.80E-06,8.80E-06,8.80E-06,8.80E-06,8.80E-06,8.80E-06
sdn,1A2g_Ind-Comb-wood-products,coal_coke,8.80E-06,8.80E-06,8.80E-06,8.80E-06,8.80E-06,8.80E-06,8.80E-06,8.80E-06,8.80E-06,8.80E-06,8.80E-06,8.80E-06,8.80E-06,8.80E-06,8.80E-06,8.80E-06,8.80E-06
sdn,1A4b_Residential,diesel_oil,0.001085106,0.001085106,0.001085106,0.001085106,0.001085106,0.001084752,0.001084397,0.001084043,0.001083688,0.001083333,0.001083333,0.001083333,0.001083333,0.001083333,0.001083333,0.001083333,0.001083333
sdn,1A4b_Residential,heavy_oil,1.00E-04,1.00E-04,1.00E-04,1.00E-04,1.00E-04,1.00E-04,1.00E-04,1.00E-04,1.00E-04,1.00E-04,1.00E-04,1.00E-04,1.00E-04,1.00E-04,1.00E-04,1.00E-04,1.00E-04
sen,1A2a_Ind-Comb-Iron-steel,hard_coal,3.29E-05,3.29E-05,3.29E-05,3.29E-05,3.29E-05,3.24E-05,3.19E-05,3.13E-05,3.08E-05,3.03E-05,3.03E-05,3.03E-05,3.03E-05,3.03E-05,3.03E-05,3.03E-05,3.03E-05
sen,1A2b_Ind-Comb-Non-ferrous-metals,hard_coal,3.29E-05,3.29E-05,3.29E-05,3.29E-05,3.29E-05,3.24E-05,3.19E-05,3.13E-05,3.08E-05,3.03E-05,3.03E-05,3.03E-05,3.03E-05,3.03E-05,3.03E-05,3.03E-05,3.03E-05
sen,1A2c_Ind-Comb-Chemicals,hard_coal,3.29E-05,3.29E-05,3.29E-05,3.29E-05,3.29E-05,3.24E-05,3.19E-05,3.13E-05,3.08E-05,3.03E-05,3.03E-05,3.03E-05,3.03E-05,3.03E-05,3.03E-05,3.03E-05,3.03E-05
sen,1A2d_Ind-Comb-Pulp-paper,hard_coal,3.29E-05,3.29E-05,3.29E-05,3.29E-05,3.29E-05,3.24E-05,3.19E-05,3.13E-05,3.08E-05,3.03E-05,3.03E-05,3.03E-05,3.03E-05,3.03E-05,3.03E-05,3.03E-05,3.03E-05
sen,1A2e_Ind-Comb-Food-tobacco,hard_coal,3.29E-05,3.29E-05,3.29E-05,3.29E-05,3.29E-05,3.24E-05,3.19E-05,3.13E-05,3.08E-05,3.03E-05,3.03E-05,3.03E-05,3.03E-05,3.03E-05,3.03E-05,3.03E-05,3.03E-05
sen,1A2f_Ind-Comb-Non-metalic-minerals,hard_coal,3.29E-05,3.29E-05,3.29E-05,3.29E-05,3.29E-05,3.24E-05,3.19E-05,3.13E-05,3.08E-05,3.03E-05,3.03E-05,3.03E-05,3.03E-05,3.03E-05,3.03E-05,3.03E-05,3.03E-05
sen,1A2g_Ind-Comb-Construction,hard_coal,3.29E-05,3.29E-05,3.29E-05,3.29E-05,3.29E-05,3.24E-05,3.19E-05,3.13E-05,3.08E-05,3.03E-05,3.03E-05,3.03E-05,3.03E-05,3.03E-05,3.03E-05,3.03E-05,3.03E-05
sen,1A2g_Ind-Comb-machinery,hard_coal,3.29E-05,3.29E-05,3.29E-05,3.29E-05,3.29E-05,3.24E-05,3.19E-05,3.13E-05,3.08E-05,3.03E-05,3.03E-05,3.03E-05,3.03E-05,3.03E-05,3.03E-05,3.03E-05,3.03E-05
sen,1A2g_Ind-Comb-mining-quarying,hard_coal,3.29E-05,3.29E-05,3.29E-05,3.29E-05,3.29E-05,3.24E-05,3.19E-05,3.13E-05,3.08E-05,3.03E-05,3.03E-05,3.03E-05,3.03E-05,3.03E-05,3.03E-05,3.03E-05,3.03E-05
sen,1A2g_Ind-Comb-other,hard_coal,3.29E-05,3.29E-05,3.29E-05,3.29E-05,3.29E-05,3.24E-05,3.19E-05,3.13E-05,3.08E-05,3.03E-05,3.03E-05,3.03E-05,3.03E-05,3.03E-05,3.03E-05,3.03E-05,3.03E-05
sen,1A2g_Ind-Comb-textile-leather,hard_coal,3.29E-05,3.29E-05,3.29E-05,3.29E-05,3.29E-05,3.24E-05,3.19E-05,3.13E-05,3.08E-05,3.03E-05,3.03E-05,3.03E-05,3.03E-05,3.03E-05,3.03E-05,3.03E-05,3.03E-05
sen,1A2g_Ind-Comb-transpequip,hard_coal,3.29E-05,3.29E-05,3.29E-05,3.29E-05,3.29E-05,3.24E-05,3.19E-05,3.13E-05,3.08E-05,3.03E-05,3.03E-05,3.03E-05,3.03E-05,3.03E-05,3.03E-05,3.03E-05,3.03E-05
sen,1A2g_Ind-Comb-wood-products,hard_coal,3.29E-05,3.29E-05,3.29E-05,3.29E-05,3.29E-05,3.24E-05,3.19E-05,3.13E-05,3.08E-05,3.03E-05,3.03E-05,3.03E-05,3.03E-05,3.03E-05,3.03E-05,3.03E-05,3.03E-05
slv,1A4b_Residential,diesel_oil,0.001071429,0.001071429,0.001071429,0.001071429,0.001071429,0.001071429,0.001071429,0.001071429,0.001071429,0.001071429,0.001071429,0.001071429,0.001071429,0.001071429,0.001071429,0.001071429,0.001071429
svk,1A4b_Residential,heavy_oil,7.69E-05,7.69E-05,7.69E-05,7.69E-05,7.69E-05,7.69E-05,7.69E-05,7.69E-05,7.69E-05,7.69E-05,7.69E-05,7.69E-05,7.69E-05,7.69E-05,7.69E-05,7.69E-05,7.69E-05
syr,1A1a_Electricity-autoproducer,diesel_oil,1.89E-06,1.89E-06,1.89E-06,1.89E-06,1.89E-06,1.89E-06,1.89E-06,1.89E-06,1.89E-06,1.89E-06,1.89E-06,1.89E-06,1.89E-06,1.89E-06,1.89E-06,1.89E-06,1.89E-06
syr,1A1a_Electricity-public,diesel_oil,1.89E-06,1.89E-06,1.89E-06,1.89E-06,1.89E-06,1.89E-06,1.89E-06,1.89E-06,1.89E-06,1.89E-06,1.89E-06,1.89E-06,1.89E-06,1.89E-06,1.89E-06,1.89E-06,1.89E-06
syr,1A1a_Heat-production,diesel_oil,1.89E-06,1.89E-06,1.89E-06,1.89E-06,1.89E-06,1.89E-06,1.89E-06,1.89E-06,1.89E-06,1.89E-06,1.89E-06,1.89E-06,1.89E-06,1.89E-06,1.89E-06,1.89E-06,1.89E-06
tun,1A2a_Ind-Comb-Iron-steel,coal_coke,7.01E-06,7.01E-06,7.01E-06,7.01E-06,7.01E-06,7.01E-06,7.01E-06,7.01E-06,7.01E-06,7.01E-06,7.01E-06,7.01E-06,7.01E-06,7.01E-06,7.01E-06,7.01E-06,7.01E-06
tun,1A2b_Ind-Comb-Non-ferrous-metals,coal_coke,7.01E-06,7.01E-06,7.01E-06,7.01E-06,7.01E-06,7.01E-06,7.01E-06,7.01E-06,7.01E-06,7.01E-06,7.01E-06,7.01E-06,7.01E-06,7.01E-06,7.01E-06,7.01E-06,7.01E-06
tun,1A2c_Ind-Comb-Chemicals,coal_coke,7.01E-06,7.01E-06,7.01E-06,7.01E-06,7.01E-06,7.01E-06,7.01E-06,7.01E-06,7.01E-06,7.01E-06,7.01E-06,7.01E-06,7.01E-06,7.01E-06,7.01E-06,7.01E-06,7.01E-06
tun,1A2d_Ind-Comb-Pulp-paper,coal_coke,7.01E-06,7.01E-06,7.01E-06,7.01E-06,7.01E-06,7.01E-06,7.01E-06,7.01E-06,7.01E-06,7.01E-06,7.01E-06,7.01E-06,7.01E-06,7.01E-06,7.01E-06,7.01E-06,7.01E-06
tun,1A2e_Ind-Comb-Food-tobacco,coal_coke,7.01E-06,7.01E-06,7.01E-06,7.01E-06,7.01E-06,7.01E-06,7.01E-06,7.01E-06,7.01E-06,7.01E-06,7.01E-06,7.01E-06,7.01E-06,7.01E-06,7.01E-06,7.01E-06,7.01E-06
tun,1A2f_Ind-Comb-Non-metalic-minerals,coal_coke,7.01E-06,7.01E-06,7.01E-06,7.01E-06,7.01E-06,7.01E-06,7.01E-06,7.01E-06,7.01E-06,7.01E-06,7.01E-06,7.01E-06,7.01E-06,7.01E-06,7.01E-06,7.01E-06,7.01E-06
tun,1A2g_Ind-Comb-Construction,coal_coke,7.01E-06,7.01E-06,7.01E-06,7.01E-06,7.01E-06,7.01E-06,7.01E-06,7.01E-06,7.01E-06,7.01E-06,7.01E-06,7.01E-06,7.01E-06,7.01E-06,7.01E-06,7.01E-06,7.01E-06
tun,1A2g_Ind-Comb-machinery,coal_coke,7.01E-06,7.01E-06,7.01E-06,7.01E-06,7.01E-06,7.01E-06,7.01E-06,7.01E-06,7.01E-06,7.01E-06,7.01E-06,7.01E-06,7.01E-06,7.01E-06,7.01E-06,7.01E-06,7.01E-06
tun,1A2g_Ind-Comb-mining-quarying,coal_coke,7.01E-06,7.01E-06,7.01E-06,7.01E-06,7.01E-06,7.01E-06,7.01E-06,7.01E-06,7.01E-06,7.01E-06,7.01E-06,7.01E-06,7.01E-06,7.01E-06,7.01E-06,7.01E-06,7.01E-06
tun,1A2g_Ind-Comb-other,coal_coke,7.01E-06,7.01E-06,7.01E-06,7.01E-06,7.01E-06,7.01E-06,7.01E-06,7.01E-06,7.01E-06,7.01E-06,7.01E-06,7.01E-06,7.01E-06,7.01E-06,7.01E-06,7.01E-06,7.01E-06
tun,1A2g_Ind-Comb-textile-leather,coal_coke,7.01E-06,7.01E-06,7.01E-06,7.01E-06,7.01E-06,7.01E-06,7.01E-06,7.01E-06,7.01E-06,7.01E-06,7.01E-06,7.01E-06,7.01E-06,7.01E-06,7.01E-06,7.01E-06,7.01E-06
tun,1A2g_Ind-Comb-transpequip,coal_coke,7.01E-06,7.01E-06,7.01E-06,7.01E-06,7.01E-06,7.01E-06,7.01E-06,7.01E-06,7.01E-06,7.01E-06,7.01E-06,7.01E-06,7.01E-06,7.01E-06,7.01E-06,7.01E-06,7.01E-06
tun,1A2g_Ind-Comb-wood-products,coal_coke,7.01E-06,7.01E-06,7.01E-06,7.01E-06,7.01E-06,7.01E-06,7.01E-06,7.01E-06,7.01E-06,7.01E-06,7.01E-06,7.01E-06,7.01E-06,7.01E-06,7.01E-06,7.01E-06,7.01E-06
twn,1A2a_Ind-Comb-Iron-steel,coal_coke,7.50E-06,7.50E-06,7.50E-06,7.50E-06,7.50E-06,7.79E-06,8.07E-06,8.36E-06,8.64E-06,8.93E-06,8.93E-06,8.93E-06,8.93E-06,8.93E-06,8.93E-06,8.93E-06,8.93E-06
twn,1A2b_Ind-Comb-Non-ferrous-metals,coal_coke,7.50E-06,7.50E-06,7.50E-06,7.50E-06,7.50E-06,7.79E-06,8.07E-06,8.36E-06,8.64E-06,8.93E-06,8.93E-06,8.93E-06,8.93E-06,8.93E-06,8.93E-06,8.93E-06,8.93E-06
twn,1A2c_Ind-Comb-Chemicals,coal_coke,7.50E-06,7.50E-06,7.50E-06,7.50E-06,7.50E-06,7.79E-06,8.07E-06,8.36E-06,8.64E-06,8.93E-06,8.93E-06,8.93E-06,8.93E-06,8.93E-06,8.93E-06,8.93E-06,8.93E-06
twn,1A2d_Ind-Comb-Pulp-paper,coal_coke,7.50E-06,7.50E-06,7.50E-06,7.50E-06,7.50E-06,7.79E-06,8.07E-06,8.36E-06,8.64E-06,8.93E-06,8.93E-06,8.93E-06,8.93E-06,8.93E-06,8.93E-06,8.93E-06,8.93E-06
twn,1A2e_Ind-Comb-Food-tobacco,coal_coke,7.50E-06,7.50E-06,7.50E-06,7.50E-06,7.50E-06,7.79E-06,8.07E-06,8.36E-06,8.64E-06,8.93E-06,8.93E-06,8.93E-06,8.93E-06,8.93E-06,8.93E-06,8.93E-06,8.93E-06
twn,1A2f_Ind-Comb-Non-metalic-minerals,coal_coke,7.50E-06,7.50E-06,7.50E-06,7.50E-06,7.50E-06,7.79E-06,8.07E-06,8.36E-06,8.64E-06,8.93E-06,8.93E-06,8.93E-06,8.93E-06,8.93E-06,8.93E-06,8.93E-06,8.93E-06
twn,1A2g_Ind-Comb-Construction,coal_coke,7.50E-06,7.50E-06,7.50E-06,7.50E-06,7.50E-06,7.79E-06,8.07E-06,8.36E-06,8.64E-06,8.93E-06,8.93E-06,8.93E-06,8.93E-06,8.93E-06,8.93E-06,8.93E-06,8.93E-06
twn,1A2g_Ind-Comb-machinery,coal_coke,7.50E-06,7.50E-06,7.50E-06,7.50E-06,7.50E-06,7.79E-06,8.07E-06,8.36E-06,8.64E-06,8.93E-06,8.93E-06,8.93E-06,8.93E-06,8.93E-06,8.93E-06,8.93E-06,8.93E-06
twn,1A2g_Ind-Comb-mining-quarying,coal_coke,7.50E-06,7.50E-06,7.50E-06,7.50E-06,7.50E-06,7.79E-06,8.07E-06,8.36E-06,8.64E-06,8.93E-06,8.93E-06,8.93E-06,8.93E-06,8.93E-06,8.93E-06,8.93E-06,8.93E-06
twn,1A2g_Ind-Comb-other,coal_coke,7.50E-06,7.50E-06,7.50E-06,7.50E-06,7.50E-06,7.79E-06,8.07E-06,8.36E-06,8.64E-06,8.93E-06,8.93E-06,8.93E-06,8.93E-06,8.93E-06,8.93E-06,8.93E-06,8.93E-06
twn,1A2g_Ind-Comb-textile-leather,coal_coke,7.50E-06,7.50E-06,7.50E-06,7.50E-06,7.50E-06,7.79E-06,8.07E-06,8.36E-06,8.64E-06,8.93E-06,8.93E-06,8.93E-06,8.93E-06,8.93E-06,8.93E-06,8.93E-06,8.93E-06
twn,1A2g_Ind-Comb-transpequip,coal_coke,7.50E-06,7.50E-06,7.50E-06,7.50E-06,7.50E-06,7.79E-06,8.07E-06,8.36E-06,8.64E-06,8.93E-06,8.93E-06,8.93E-06,8.93E-06,8.93E-06,8.93E-06,8.93E-06,8.93E-06
twn,1A2g_Ind-Comb-wood-products,coal_coke,7.50E-06,7.50E-06,7.50E-06,7.50E-06,7.50E-06,7.79E-06,8.07E-06,8.36E-06,8.64E-06,8.93E-06,8.93E-06,8.93E-06,8.93E-06,8.93E-06,8.93E-06,8.93E-06,8.93E-06
ukr,1A2a_Ind-Comb-Iron-steel,diesel_oil,0.00064,0.00064,0.00064,0.00064,0.00064,0.00064,0.00064,0.00064,0.00064,0.00064,0.00064,0.00064,0.00064,0.00064,0.00064,0.00064,0.00064
ukr,1A2b_Ind-Comb-Non-ferrous-metals,diesel_oil,0.00064,0.00064,0.00064,0.00064,0.00064,0.00064,0.00064,0.00064,0.00064,0.00064,0.00064,0.00064,0.00064,0.00064,0.00064,0.00064,0.00064
ukr,1A2c_Ind-Comb-Chemicals,diesel_oil,0.00064,0.00064,0.00064,0.00064,0.00064,0.00064,0.00064,0.00064,0.00064,0.00064,0.00064,0.00064,0.00064,0.00064,0.00064,0.00064,0.00064
ukr,1A2d_Ind-Comb-Pulp-paper,diesel_oil,0.00064,0.00064,0.00064,0.00064,0.00064,0.00064,0.00064,0.00064,0.00064,0.00064,0.00064,0.00064,0.00064,0.00064,0.00064,0.00064,0.00064
ukr,1A2e_Ind-Comb-Food-tobacco,diesel_oil,0.00064,0.00064,0.00064,0.00064,0.00064,0.00064,0.00064,0.00064,0.00064,0.00064,0.00064,0.00064,0.00064,0.00064,0.00064,0.00064,0.00064
ukr,1A2f_Ind-Comb-Non-metalic-minerals,diesel_oil,0.00064,0.00064,0.00064,0.00064,0.00064,0.00064,0.00064,0.00064,0.00064,0.00064,0.00064,0.00064,0.00064,0.00064,0.00064,0.00064,0.00064
ukr,1A2g_Ind-Comb-Construction,diesel_oil,0.00064,0.00064,0.00064,0.00064,0.00064,0.00064,0.00064,0.00064,0.00064,0.00064,0.00064,0.00064,0.00064,0.00064,0.00064,0.00064,0.00064
ukr,1A2g_Ind-Comb-machinery,diesel_oil,0.00064,0.00064,0.00064,0.00064,0.00064,0.00064,0.00064,0.00064,0.00064,0.00064,0.00064,0.00064,0.00064,0.00064,0.00064,0.00064,0.00064
ukr,1A2g_Ind-Comb-mining-quarying,diesel_oil,0.00064,0.00064,0.00064,0.00064,0.00064,0.00064,0.00064,0.00064,0.00064,0.00064,0.00064,0.00064,0.00064,0.00064,0.00064,0.00064,0.00064
ukr,1A2g_Ind-Comb-other,diesel_oil,0.00064,0.00064,0.00064,0.00064,0.00064,0.00064,0.00064,0.00064,0.00064,0.00064,0.00064,0.00064,0.00064,0.00064,0.00064,0.00064,0.00064
ukr,1A2g_Ind-Comb-textile-leather,diesel_oil,0.00064,0.00064,0.00064,0.00064,0.00064,0.00064,0.00064,0.00064,0.00064,0.00064,0.00064,0.00064,0.00064,0.00064,0.00064,0.00064,0.00064
ukr,1A2g_Ind-Comb-transpequip,diesel_oil,0.00064,0.00064,0.00064,0.00064,0.00064,0.00064,0.00064,0.00064,0.00064,0.00064,0.00064,0.00064,0.00064,0.00064,0.00064,0.00064,0.00064
ukr,1A2g_Ind-Comb-wood-products,diesel_oil,0.00064,0.00064,0.00064,0.00064,0.00064,0.00064,0.00064,0.00064,0.00064,0.00064,0.00064,0.00064,0.00064,0.00064,0.00064,0.00064,0.00064
ukr,1A3b_Road,diesel_oil,0.000626751,0.000626751,0.000626751,0.000626751,0.000626751,0.000626751,0.000626751,0.000626751,0.000626751,0.000626751,0.000626751,0.000626751,0.000626751,0.000626751,0.000626751,0.000626751,0.000626751
ukr,1A3c_Rail,diesel_oil,0.000777143,0.000777143,0.000777143,0.000777143,0.000777143,0.000777143,0.000777143,0.000777143,0.000777143,0.000777143,0.000777143,0.000777143,0.000777143,0.000777143,0.000777143,0.000777143,0.000777143
ukr,1A3dii_Domestic-navigation,diesel_oil,0.000323529,0.000323529,0.000323529,0.000323529,0.000323529,0.000323529,0.000323529,0.000323529,0.000323529,0.000323529,0.000323529,0.000323529,0.000323529,0.000323529,0.000323529,0.000323529,0.000323529
ukr,1A3eii_Other-transp,diesel_oil,0.000388889,0.000388889,0.000388889,0.000388889,0.000388889,0.000388889,0.000388889,0.000388889,0.000388889,0.000388889,0.000388889,0.000388889,0.000388889,0.000388889,0.000388889,0.000388889,0.000388889
ukr,1A4b_Residential,diesel_oil,9.03E-05,9.03E-05,9.03E-05,9.03E-05,9.03E-05,9.03E-05,9.03E-05,9.03E-05,9.03E-05,9.03E-05,9.03E-05,9.03E-05,9.03E-05,9.03E-05,9.03E-05,9.03E-05,9.03E-05
ukr,1A3c_Rail,hard_coal,0.00020202,0.00020202,0.00020202,0.00020202,0.00020202,0.000199914,0.000197808,0.000195702,0.000193596,0.000191489,0.000191489,0.000191489,0.000191489,0.000191489,0.000191489,0.000191489,0.000191489
ukr,1A3dii_Domestic-navigation,heavy_oil,0.001181818,0.001181818,0.001181818,0.001181818,0.001181818,0.001181818,0.001181818,0.001181818,0.001181818,0.001181818,0.001181818,0.001181818,0.001181818,0.001181818,0.001181818,0.001181818,0.001181818
usa,1A4b_Residential,coal_coke,0.000120482,0.000120482,0.000120482,0.000120482,0.000120482,0.000114734,0.000108986,0.000103239,9.75E-05,9.17E-05,9.17E-05,9.17E-05,9.17E-05,9.17E-05,9.17E-05,9.17E-05,9.17E-05
vnm,1A2a_Ind-Comb-Iron-steel,brown_coal,8.07E-05,8.07E-05,8.07E-05,8.07E-05,8.07E-05,8.07E-05,8.07E-05,8.07E-05,8.07E-05,8.07E-05,8.07E-05,8.07E-05,8.07E-05,8.07E-05,8.07E-05,8.07E-05,8.07E-05
vnm,1A2b_Ind-Comb-Non-ferrous-metals,brown_coal,8.07E-05,8.07E-05,8.07E-05,8.07E-05,8.07E-05,8.07E-05,8.07E-05,8.07E-05,8.07E-05,8.07E-05,8.07E-05,8.07E-05,8.07E-05,8.07E-05,8.07E-05,8.07E-05,8.07E-05
vnm,1A2c_Ind-Comb-Chemicals,brown_coal,8.07E-05,8.07E-05,8.07E-05,8.07E-05,8.07E-05,8.07E-05,8.07E-05,8.07E-05,8.07E-05,8.07E-05,8.07E-05,8.07E-05,8.07E-05,8.07E-05,8.07E-05,8.07E-05,8.07E-05
vnm,1A2d_Ind-Comb-Pulp-paper,brown_coal,8.07E-05,8.07E-05,8.07E-05,8.07E-05,8.07E-05,8.07E-05,8.07E-05,8.07E-05,8.07E-05,8.07E-05,8.07E-05,8.07E-05,8.07E-05,8.07E-05,8.07E-05,8.07E-05,8.07E-05
vnm,1A2e_Ind-Comb-Food-tobacco,brown_coal,8.07E-05,8.07E-05,8.07E-05,8.07E-05,8.07E-05,8.07E-05,8.07E-05,8.07E-05,8.07E-05,8.07E-05,8.07E-05,8.07E-05,8.07E-05,8.07E-05,8.07E-05,8.07E-05,8.07E-05
vnm,1A2f_Ind-Comb-Non-metalic-minerals,brown_coal,8.07E-05,8.07E-05,8.07E-05,8.07E-05,8.07E-05,8.07E-05,8.07E-05,8.07E-05,8.07E-05,8.07E-05,8.07E-05,8.07E-05,8.07E-05,8.07E-05,8.07E-05,8.07E-05,8.07E-05
vnm,1A2g_Ind-Comb-Construction,brown_coal,8.07E-05,8.07E-05,8.07E-05,8.07E-05,8.07E-05,8.07E-05,8.07E-05,8.07E-05,8.07E-05,8.07E-05,8.07E-05,8.07E-05,8.07E-05,8.07E-05,8.07E-05,8.07E-05,8.07E-05
vnm,1A2g_Ind-Comb-machinery,brown_coal,8.07E-05,8.07E-05,8.07E-05,8.07E-05,8.07E-05,8.07E-05,8.07E-05,8.07E-05,8.07E-05,8.07E-05,8.07E-05,8.07E-05,8.07E-05,8.07E-05,8.07E-05,8.07E-05,8.07E-05
vnm,1A2g_Ind-Comb-mining-quarying,brown_coal,8.07E-05,8.07E-05,8.07E-05,8.07E-05,8.07E-05,8.07E-05,8.07E-05,8.07E-05,8.07E-05,8.07E-05,8.07E-05,8.07E-05,8.07E-05,8.07E-05,8.07E-05,8.07E-05,8.07E-05
vnm,1A2g_Ind-Comb-other,brown_coal,8.07E-05,8.07E-05,8.07E-05,8.07E-05,8.07E-05,8.07E-05,8.07E-05,8.07E-05,8.07E-05,8.07E-05,8.07E-05,8.07E-05,8.07E-05,8.07E-05,8.07E-05,8.07E-05,8.07E-05
vnm,1A2g_Ind-Comb-textile-leather,brown_coal,8.07E-05,8.07E-05,8.07E-05,8.07E-05,8.07E-05,8.07E-05,8.07E-05,8.07E-05,8.07E-05,8.07E-05,8.07E-05,8.07E-05,8.07E-05,8.07E-05,8.07E-05,8.07E-05,8.07E-05
vnm,1A2g_Ind-Comb-transpequip,brown_coal,8.07E-05,8.07E-05,8.07E-05,8.07E-05,8.07E-05,8.07E-05,8.07E-05,8.07E-05,8.07E-05,8.07E-05,8.07E-05,8.07E-05,8.07E-05,8.07E-05,8.07E-05,8.07E-05,8.07E-05
vnm,1A2g_Ind-Comb-wood-products,brown_coal,8.07E-05,8.07E-05,8.07E-05,8.07E-05,8.07E-05,8.07E-05,8.07E-05,8.07E-05,8.07E-05,8.07E-05,8.07E-05,8.07E-05,8.07E-05,8.07E-05,8.07E-05,8.07E-05,8.07E-05
vnm,1A2a_Ind-Comb-Iron-steel,light_oil,7.69E-05,7.69E-05,7.69E-05,7.69E-05,7.69E-05,7.69E-05,7.69E-05,7.69E-05,7.69E-05,7.69E-05,7.69E-05,7.69E-05,7.69E-05,7.69E-05,7.69E-05,7.69E-05,7.69E-05
vnm,1A2b_Ind-Comb-Non-ferrous-metals,light_oil,7.69E-05,7.69E-05,7.69E-05,7.69E-05,7.69E-05,7.69E-05,7.69E-05,7.69E-05,7.69E-05,7.69E-05,7.69E-05,7.69E-05,7.69E-05,7.69E-05,7.69E-05,7.69E-05,7.69E-05
vnm,1A2c_Ind-Comb-Chemicals,light_oil,7.69E-05,7.69E-05,7.69E-05,7.69E-05,7.69E-05,7.69E-05,7.69E-05,7.69E-05,7.69E-05,7.69E-05,7.69E-05,7.69E-05,7.69E-05,7.69E-05,7.69E-05,7.69E-05,7.69E-05
vnm,1A2d_Ind-Comb-Pulp-paper,light_oil,7.69E-05,7.69E-05,7.69E-05,7.69E-05,7.69E-05,7.69E-05,7.69E-05,7.69E-05,7.69E-05,7.69E-05,7.69E-05,7.69E-05,7.69E-05,7.69E-05,7.69E-05,7.69E-05,7.69E-05
vnm,1A2e_Ind-Comb-Food-tobacco,light_oil,7.69E-05,7.69E-05,7.69E-05,7.69E-05,7.69E-05,7.69E-05,7.69E-05,7.69E-05,7.69E-05,7.69E-05,7.69E-05,7.69E-05,7.69E-05,7.69E-05,7.69E-05,7.69E-05,7.69E-05
vnm,1A2f_Ind-Comb-Non-metalic-minerals,light_oil,7.69E-05,7.69E-05,7.69E-05,7.69E-05,7.69E-05,7.69E-05,7.69E-05,7.69E-05,7.69E-05,7.69E-05,7.69E-05,7.69E-05,7.69E-05,7.69E-05,7.69E-05,7.69E-05,7.69E-05
vnm,1A2g_Ind-Comb-Construction,light_oil,7.69E-05,7.69E-05,7.69E-05,7.69E-05,7.69E-05,7.69E-05,7.69E-05,7.69E-05,7.69E-05,7.69E-05,7.69E-05,7.69E-05,7.69E-05,7.69E-05,7.69E-05,7.69E-05,7.69E-05
vnm,1A2g_Ind-Comb-machinery,light_oil,7.69E-05,7.69E-05,7.69E-05,7.69E-05,7.69E-05,7.69E-05,7.69E-05,7.69E-05,7.69E-05,7.69E-05,7.69E-05,7.69E-05,7.69E-05,7.69E-05,7.69E-05,7.69E-05,7.69E-05
vnm,1A2g_Ind-Comb-mining-quarying,light_oil,7.69E-05,7.69E-05,7.69E-05,7.69E-05,7.69E-05,7.69E-05,7.69E-05,7.69E-05,7.69E-05,7.69E-05,7.69E-05,7.69E-05,7.69E-05,7.69E-05,7.69E-05,7.69E-05,7.69E-05
vnm,1A2g_Ind-Comb-other,light_oil,7.69E-05,7.69E-05,7.69E-05,7.69E-05,7.69E-05,7.69E-05,7.69E-05,7.69E-05,7.69E-05,7.69E-05,7.69E-05,7.69E-05,7.69E-05,7.69E-05,7.69E-05,7.69E-05,7.69E-05
vnm,1A2g_Ind-Comb-textile-leather,light_oil,7.69E-05,7.69E-05,7.69E-05,7.69E-05,7.69E-05,7.69E-05,7.69E-05,7.69E-05,7.69E-05,7.69E-05,7.69E-05,7.69E-05,7.69E-05,7.69E-05,7.69E-05,7.69E-05,7.69E-05
vnm,1A2g_Ind-Comb-transpequip,light_oil,7.69E-05,7.69E-05,7.69E-05,7.69E-05,7.69E-05,7.69E-05,7.69E-05,7.69E-05,7.69E-05,7.69E-05,7.69E-05,7.69E-05,7.69E-05,7.69E-05,7.69E-05,7.69E-05,7.69E-05
vnm,1A2g_Ind-Comb-wood-products,light_oil,7.69E-05,7.69E-05,7.69E-05,7.69E-05,7.69E-05,7.69E-05,7.69E-05,7.69E-05,7.69E-05,7.69E-05,7.69E-05,7.69E-05,7.69E-05,7.69E-05,7.69E-05,7.69E-05,7.69E-05
zaf,1A4a_Commercial-institutional,light_oil,7.69E-05,7.69E-05,7.69E-05,7.69E-05,7.69E-05,7.88E-05,8.07E-05,8.26E-05,8.45E-05,8.64E-05,8.64E-05,8.64E-05,8.64E-05,8.64E-05,8.64E-05,8.64E-05,8.64E-05